# Resultats de Pagerank Gauss-Seidel
# source : wb-cs-stanford.mtx
# alpha : 0.850000
# epsilon : 1.00e-06
# iterations : 32
# nombre de noeuds : 9914
0 0.0000244371
1 0.0000244371
2 0.0000244371
3 0.0005101668
4 0.0002872304
5 0.0002685888
6 0.0000309402
7 0.0000438984
8 0.0002872312
9 0.0002685896
10 0.0000378373
11 0.0000378373
12 0.0000378373
13 0.0000378373
14 0.0000309402
15 0.0002872318
16 0.0002685901
17 0.0000309402
18 0.0000387063
19 0.0000295060
20 0.0000244371
21 0.0000452091
22 0.0001800180
23 0.0001067571
24 0.0001151828
25 0.0000328243
26 0.0002872332
27 0.0002685912
28 0.0002775345
29 0.0002775352
30 0.0001075465
31 0.0002761020
32 0.0000309402
33 0.0002761027
34 0.0000259840
35 0.0003351894
36 0.0003093550
37 0.0002872379
38 0.0002685953
39 0.0000386680
40 0.0000274182
41 0.0000309403
42 0.0000274183
43 0.0000386681
44 0.0000371210
45 0.0000274184
46 0.0002872389
47 0.0002685961
48 0.0000510166
49 0.0000510166
50 0.0000309403
51 0.0002872398
52 0.0002685968
53 0.0000422286
54 0.0000277860
55 0.0000260807
56 0.0000262539
57 0.0000309405
58 0.0000244371
59 0.0000545169
60 0.0000707776
61 0.0000545183
62 0.0000244371
63 0.0001454389
64 0.0001020630
65 0.0000286303
66 0.0000256704
67 0.0000256704
68 0.0000256704
69 0.0000256704
70 0.0000256704
71 0.0000256704
72 0.0001997594
73 0.0003233681
74 0.0001747952
75 0.0000256704
76 0.0000256704
77 0.0000256704
78 0.0000256704
79 0.0000256704
80 0.0000256704
81 0.0001567330
82 0.0002716824
83 0.0001468567
84 0.0000286303
85 0.0000256704
86 0.0000256704
87 0.0000256704
88 0.0000256704
89 0.0001925028
90 0.0001155243
91 0.0005117359
92 0.0002766166
93 0.0000286303
94 0.0000256704
95 0.0000256704
96 0.0000256704
97 0.0000256704
98 0.0000256704
99 0.0000256704
100 0.0000256704
101 0.0000256704
102 0.0000256704
103 0.0000256704
104 0.0000348231
105 0.0000256704
106 0.0000256704
107 0.0000256704
108 0.0000256704
109 0.0000256704
110 0.0000353473
111 0.0001226289
112 0.0002419301
113 0.0001272599
114 0.0001272599
115 0.0000588573
116 0.0001344464
117 0.0000943489
118 0.0000286305
119 0.0000256704
120 0.0000256704
121 0.0000256704
122 0.0000667485
123 0.0000360806
124 0.0000273971
125 0.0001090236
126 0.0001155243
127 0.0000320779
128 0.0000320779
129 0.0000320779
130 0.0000320779
131 0.0000320779
132 0.0000465274
133 0.0000465274
134 0.0000465274
135 0.0000465274
136 0.0000465274
137 0.0000465274
138 0.0000465274
139 0.0000442117
140 0.0000768325
141 0.0000281950
142 0.0000376201
143 0.0000687241
144 0.0001057945
145 0.0000539362
146 0.0000519868
147 0.0000652923
148 0.0000376201
149 0.0001819238
150 0.0000349965
151 0.0000492803
152 0.0000496408
153 0.0000496408
154 0.0000391326
155 0.0000391326
156 0.0000496925
157 0.0000333144
158 0.0000451923
159 0.0000441993
160 0.0000333144
161 0.0000333144
162 0.0000280939
163 0.0000280939
164 0.0000280939
165 0.0000280939
166 0.0000280939
167 0.0000280939
168 0.0000280939
169 0.0000280939
170 0.0000284543
171 0.0000284543
172 0.0000372838
173 0.0000372838
174 0.0000275116
175 0.0000275116
176 0.0000275116
177 0.0000275116
178 0.0000275116
179 0.0000275116
180 0.0000275116
181 0.0000275116
182 0.0000275116
183 0.0000275116
184 0.0000275116
185 0.0000275116
186 0.0000275116
187 0.0000275116
188 0.0000275116
189 0.0000283282
190 0.0000283282
191 0.0000283282
192 0.0000283282
193 0.0000283282
194 0.0000283282
195 0.0000283282
196 0.0000353219
197 0.0000486981
198 0.0000280939
199 0.0000280939
200 0.0000284543
201 0.0000284543
202 0.0000275116
203 0.0001834363
204 0.0000283282
205 0.0000283282
206 0.0000429631
207 0.0000353219
208 0.0000353219
209 0.0000353219
210 0.0000349970
211 0.0001273831
212 0.0000470971
213 0.0000626651
214 0.0000244371
215 0.0000244371
216 0.0000516266
217 0.0000691570
218 0.0000549355
219 0.0000442117
220 0.0000349970
221 0.0000377831
222 0.0000404953
223 0.0002419301
224 0.0001014156
225 0.0001004750
226 0.0000256704
227 0.0000256704
228 0.0000256704
229 0.0000256704
230 0.0000256704
231 0.0000256704
232 0.0004362700
233 0.0002358238
234 0.0000394872
235 0.0000273971
236 0.0000667494
237 0.0000360811
238 0.0001726694
239 0.0000978234
240 0.0000978234
241 0.0000286305
242 0.0000366053
243 0.0000366053
244 0.0000273971
245 0.0000667494
246 0.0000360811
247 0.0000404953
248 0.0003741217
249 0.0000244371
250 0.0000252630
251 0.0000252630
252 0.0000252630
253 0.0000252630
254 0.0000360601
255 0.0000244371
256 0.0000257353
257 0.0000310314
258 0.0000257353
259 0.0000257353
260 0.0000257353
261 0.0001715925
262 0.0000244371
263 0.0000244371
264 0.0000244371
265 0.0000244371
266 0.0000244371
267 0.0013047489
268 0.0000272425
269 0.0001143266
270 0.0000542413
271 0.0000363281
272 0.0000244371
273 0.0000264552
274 0.0000319329
275 0.0000590753
276 0.0000319329
277 0.0000244371
278 0.0000264552
279 0.0000319329
280 0.0000590753
281 0.0000319329
282 0.0000264552
283 0.0000264552
284 0.0000330730
285 0.0000253020
286 0.0000253020
287 0.0000330730
288 0.0000253020
289 0.0000253020
290 0.0000253020
291 0.0000468082
292 0.0000253020
293 0.0000253020
294 0.0000253020
295 0.0000253020
296 0.0000287991
297 0.0000253020
298 0.0000253020
299 0.0000360551
300 0.0000253020
301 0.0000253020
302 0.0000253020
303 0.0000365705
304 0.0000264552
305 0.0000244371
306 0.0000264552
307 0.0000244371
308 0.0000264552
309 0.0000244371
310 0.0000264552
311 0.0000244371
312 0.0000264552
313 0.0000244371
314 0.0000264552
315 0.0000254191
316 0.0000467753
317 0.0000252681
318 0.0000252681
319 0.0000331850
320 0.0000252681
321 0.0000252681
322 0.0000506600
323 0.0000252681
324 0.0000252681
325 0.0000252681
326 0.0000298734
327 0.0000279035
328 0.0000298734
329 0.0000298734
330 0.0000513509
331 0.0000252681
332 0.0000252681
333 0.0000252681
334 0.0000252681
335 0.0000325090
336 0.0001991852
337 0.0000264552
338 0.0000244371
339 0.0000279068
340 0.0000296301
341 0.0000279068
342 0.0000365541
343 0.0000307123
344 0.0000244371
345 0.0000253020
346 0.0000272862
347 0.0000254192
348 0.0000254192
349 0.0000254192
350 0.0000254192
351 0.0000254192
352 0.0000254192
353 0.0000254192
354 0.0000254192
355 0.0000254192
356 0.0000254192
357 0.0000254192
358 0.0000254192
359 0.0000254192
360 0.0000254192
361 0.0000254192
362 0.0000254192
363 0.0000254192
364 0.0000254192
365 0.0000470251
366 0.0000254192
367 0.0000254192
368 0.0000264552
369 0.0000308619
370 0.0000308619
371 0.0000308619
372 0.0000308619
373 0.0000308619
374 0.0000264552
375 0.0000308620
376 0.0000570953
377 0.0000264552
378 0.0000264552
379 0.0000303455
380 0.0000251866
381 0.0000303455
382 0.0000303455
383 0.0000303455
384 0.0000251866
385 0.0000251866
386 0.0000251866
387 0.0000251866
388 0.0000251866
389 0.0000251866
390 0.0000251866
391 0.0000251866
392 0.0000251866
393 0.0000251866
394 0.0000251866
395 0.0000251866
396 0.0000251866
397 0.0000251866
398 0.0000251866
399 0.0000251866
400 0.0000251866
401 0.0000303455
402 0.0000305387
403 0.0000251866
404 0.0000251866
405 0.0000251866
406 0.0000264552
407 0.0000244371
408 0.0000613573
409 0.0000430580
410 0.0000439731
411 0.0000430580
412 0.0000256730
413 0.0000753362
414 0.0000256730
415 0.0000264552
416 0.0001518008
417 0.0001840607
418 0.0001840621
419 0.0001840634
420 0.0001518054
421 0.0000256730
422 0.0001711649
423 0.0001711681
424 0.0000256730
425 0.0001711773
426 0.0000256730
427 0.0000256730
428 0.0000256730
429 0.0000256730
430 0.0000256730
431 0.0000256730
432 0.0001711649
433 0.0001711681
434 0.0001711773
435 0.0000256730
436 0.0000256730
437 0.0000407226
438 0.0000708231
439 0.0000708244
440 0.0000256730
441 0.0000256730
442 0.0000244371
443 0.0000479893
444 0.0000336769
445 0.0000398315
446 0.0000336769
447 0.0000336769
448 0.0000830412
449 0.0001701470
450 0.0000264552
451 0.0001701308
452 0.0001701329
453 0.0001701350
454 0.0000255185
455 0.0000255185
456 0.0000255185
457 0.0000255185
458 0.0000255185
459 0.0001701348
460 0.0001701380
461 0.0000255185
462 0.0000255185
463 0.0000255185
464 0.0001701472
465 0.0000255185
466 0.0000255185
467 0.0000255185
468 0.0000255185
469 0.0000255185
470 0.0000255185
471 0.0000874946
472 0.0000874957
473 0.0003354438
474 0.0000255185
475 0.0000443809
476 0.0000255185
477 0.0000404776
478 0.0000703969
479 0.0000703982
480 0.0000255185
481 0.0000255185
482 0.0000401076
483 0.0000483737
484 0.0000339467
485 0.0000401506
486 0.0000339467
487 0.0000339467
488 0.0000837064
489 0.0001715100
490 0.0000264552
491 0.0001715102
492 0.0000257230
493 0.0001714936
494 0.0001714957
495 0.0001714979
496 0.0000257230
497 0.0000257230
498 0.0000257230
499 0.0000257230
500 0.0001714977
501 0.0001715009
502 0.0000257230
503 0.0000257230
504 0.0000257230
505 0.0000299686
506 0.0000475880
507 0.0000257230
508 0.0000257230
509 0.0000257230
510 0.0000257230
511 0.0000257230
512 0.0000257230
513 0.0000257230
514 0.0000257230
515 0.0000881955
516 0.0000881966
517 0.0003381309
518 0.0000257230
519 0.0000257230
520 0.0000408018
521 0.0000709608
522 0.0000709621
523 0.0000257230
524 0.0000257230
525 0.0000244371
526 0.0000264552
527 0.0000244371
528 0.0000244371
529 0.0000244371
530 0.0000244371
531 0.0000244371
532 0.0000244371
533 0.0000244371
534 0.0000244371
535 0.0000244371
536 0.0000244371
537 0.0000244371
538 0.0000244371
539 0.0000244371
540 0.0000282576
541 0.0000262395
542 0.0000262395
543 0.0000262395
544 0.0000244371
545 0.0000244371
546 0.0000262395
547 0.0000262395
548 0.0000262395
549 0.0000262395
550 0.0000262395
551 0.0000491076
552 0.0000244371
553 0.0000244371
554 0.0000244371
555 0.0000244371
556 0.0000244371
557 0.0000244371
558 0.0000244371
559 0.0000244371
560 0.0000244371
561 0.0000244371
562 0.0000258887
563 0.0000244371
564 0.0000258887
565 0.0000244371
566 0.0000477113
567 0.0000244371
568 0.0000258887
569 0.0000244371
570 0.0000475800
571 0.0000244371
572 0.0000258887
573 0.0000244371
574 0.0000258887
575 0.0000257230
576 0.0000258887
577 0.0000244371
578 0.0000244371
579 0.0000274045
580 0.0000274045
581 0.0000274045
582 0.0000274045
583 0.0001740496
584 0.0000441616
585 0.0000350046
586 0.0000340394
587 0.0000397829
588 0.0000510792
589 0.0000292613
590 0.0000508902
591 0.0000292613
592 0.0000292613
593 0.0000292613
594 0.0000350046
595 0.0000538659
596 0.0000674599
597 0.0000460395
598 0.0000472218
599 0.0000379801
600 0.0000351983
601 0.0000379801
602 0.0000351983
603 0.0000720862
604 0.0000308217
605 0.0000777686
606 0.0000288036
607 0.0000288036
608 0.0000922204
609 0.0000280002
610 0.0000280002
611 0.0000280002
612 0.0000280002
613 0.0000280002
614 0.0000280002
615 0.0000280002
616 0.0000280002
617 0.0000280002
618 0.0000280002
619 0.0000280002
620 0.0002423614
621 0.0000363492
622 0.0002423614
623 0.0000884027
624 0.0000280002
625 0.0000280002
626 0.0001122045
627 0.0000280002
628 0.0000280002
629 0.0000280002
630 0.0000280002
631 0.0000264552
632 0.0000966326
633 0.0000357903
634 0.0000357903
635 0.0000357907
636 0.0000291755
637 0.0000279799
638 0.0000279799
639 0.0000279799
640 0.0000517634
641 0.0000264552
642 0.0000254148
643 0.0000254148
644 0.0000254148
645 0.0000254148
646 0.0000254148
647 0.0000254148
648 0.0000254148
649 0.0000254148
650 0.0000254148
651 0.0000254148
652 0.0000254148
653 0.0000254148
654 0.0000254148
655 0.0000362163
656 0.0000254148
657 0.0000254148
658 0.0000254148
659 0.0000254148
660 0.0000254148
661 0.0000244371
662 0.0000244371
663 0.0000308217
664 0.0000288036
665 0.0000288036
666 0.0000288036
667 0.0000298862
668 0.0000244371
669 0.0000264552
670 0.0000244371
671 0.0000264552
672 0.0000269357
673 0.0000776421
674 0.0000269357
675 0.0000307515
676 0.0000269357
677 0.0000264552
678 0.0000244371
679 0.0003245444
680 0.0000263110
681 0.0000263110
682 0.0000263110
683 0.0000263110
684 0.0000263110
685 0.0000244371
686 0.0000244371
687 0.0000264552
688 0.0000356808
689 0.0000356808
690 0.0000244371
691 0.0000264552
692 0.0000298862
693 0.0000264552
694 0.0000244371
695 0.0000340985
696 0.0000244371
697 0.0000244371
698 0.0000244371
699 0.0000244371
700 0.0000244371
701 0.0000244371
702 0.0000264552
703 0.0000244371
704 0.0000298862
705 0.0000244371
706 0.0000920940
707 0.0000583971
708 0.0000299525
709 0.0000596559
710 0.0000299525
711 0.0000299525
712 0.0000299525
713 0.0000244371
714 0.0000264552
715 0.0000244371
716 0.0000264552
717 0.0000264552
718 0.0000274672
719 0.0000508138
720 0.0000274672
721 0.0000305822
722 0.0000289189
723 0.0000477700
724 0.0000274672
725 0.0000274672
726 0.0000274672
727 0.0000336127
728 0.0000274672
729 0.0000305825
730 0.0000274672
731 0.0000264552
732 0.0000314106
733 0.0000529157
734 0.0000372102
735 0.0000300551
736 0.0000497460
737 0.0000286034
738 0.0000286034
739 0.0000286034
740 0.0000344408
741 0.0000413771
742 0.0000286034
743 0.0000497460
744 0.0000286034
745 0.0000264552
746 0.0000274672
747 0.0000299631
748 0.0000299631
749 0.0000299631
750 0.0000299631
751 0.0000390080
752 0.0000369372
753 0.0000299633
754 0.0000311500
755 0.0000495273
756 0.0000329321
757 0.0000354786
758 0.0000244371
759 0.0000398864
760 0.0000399219
761 0.0000725678
762 0.0000272425
763 0.0000244371
764 0.0000296301
765 0.0000495273
766 0.0000758973
767 0.0000244371
768 0.0001571910
769 0.0000244371
770 0.0000244371
771 0.0000465737
772 0.0000244371
773 0.0000244371
774 0.0000244371
775 0.0000244371
776 0.0000244371
777 0.0000244371
778 0.0000355107
779 0.0000283959
780 0.0000280106
781 0.0002505444
782 0.0000244371
783 0.0000837633
784 0.0000495276
785 0.0000260563
786 0.0003153241
787 0.0000347460
788 0.0000347460
789 0.0000347460
790 0.0000347460
791 0.0000347460
792 0.0000495127
793 0.0000347460
794 0.0000347460
795 0.0000347460
796 0.0000260563
797 0.0000347460
798 0.0002316720
799 0.0000347460
800 0.0000347460
801 0.0000347460
802 0.0000347460
803 0.0000347460
804 0.0000347460
805 0.0000260563
806 0.0000347460
807 0.0000347460
808 0.0000347460
809 0.0000604289
810 0.0000347460
811 0.0000260563
812 0.0000260563
813 0.0000260563
814 0.0000260563
815 0.0000260563
816 0.0000260563
817 0.0000481630
818 0.0000260563
819 0.0000547280
820 0.0000260563
821 0.0000299742
822 0.0000355107
823 0.0000547280
824 0.0000299742
825 0.0000410478
826 0.0000330875
827 0.0000260563
828 0.0000260563
829 0.0000244371
830 0.0000260563
831 0.0000260563
832 0.0000260563
833 0.0000391132
834 0.0000260563
835 0.0000260563
836 0.0000347460
837 0.0000260563
838 0.0000260563
839 0.0000363652
840 0.0000260563
841 0.0000260563
842 0.0000527881
843 0.0000244371
844 0.0000512156
845 0.0000481630
846 0.0000272425
847 0.0001031601
848 0.0000311064
849 0.0000348231
850 0.0000269993
851 0.0000269993
852 0.0000269993
853 0.0000250297
854 0.0000371937
855 0.0000250297
856 0.0000255601
857 0.0000250297
858 0.0000250297
859 0.0000250297
860 0.0000250297
861 0.0000255601
862 0.0000254447
863 0.0000244371
864 0.0000300904
865 0.0000285966
866 0.0000250297
867 0.0000250297
868 0.0000481155
869 0.0000252813
870 0.0000244371
871 0.0000280193
872 0.0000347794
873 0.0000254447
874 0.0000254447
875 0.0000315045
876 0.0000254447
877 0.0000254447
878 0.0000250297
879 0.0000285966
880 0.0000359647
881 0.0000293304
882 0.0000485709
883 0.0000280661
884 0.0000281599
885 0.0000250297
886 0.0000291676
887 0.0000244371
888 0.0000250297
889 0.0000348231
890 0.0000540374
891 0.0000244371
892 0.0000254447
893 0.0000693962
894 0.0000250297
895 0.0000250297
896 0.0000255601
897 0.0000254447
898 0.0000269993
899 0.0000369965
900 0.0000250297
901 0.0000440072
902 0.0000264044
903 0.0000412251
904 0.0000451694
905 0.0000244371
906 0.0000250297
907 0.0000254447
908 0.0000284344
909 0.0000250297
910 0.0000250297
911 0.0000254447
912 0.0000309709
913 0.0000244371
914 0.0001868215
915 0.0000250297
916 0.0000260888
917 0.0000320525
918 0.0000254447
919 0.0000244371
920 0.0000402975
921 0.0000317960
922 0.0000250297
923 0.0000255602
924 0.0000263279
925 0.0000282034
926 0.0000281225
927 0.0000270769
928 0.0000300666
929 0.0000273985
930 0.0000254447
931 0.0000244371
932 0.0000250297
933 0.0000279458
934 0.0000244371
935 0.0000298981
936 0.0000244371
937 0.0000254447
938 0.0000254447
939 0.0000250297
940 0.0000272425
941 0.0000321560
942 0.0000254447
943 0.0000244371
944 0.0000250297
945 0.0000293265
946 0.0000254447
947 0.0000250297
948 0.0000250297
949 0.0000264067
950 0.0000254447
951 0.0000254447
952 0.0000349571
953 0.0000315045
954 0.0000320571
955 0.0000266193
956 0.0000315045
957 0.0000250297
958 0.0000255602
959 0.0000250297
960 0.0000250297
961 0.0000404290
962 0.0000341802
963 0.0000250297
964 0.0000255602
965 0.0000254447
966 0.0000260793
967 0.0000254447
968 0.0000260793
969 0.0000254447
970 0.0000260793
971 0.0000372648
972 0.0000254447
973 0.0000563335
974 0.0000255602
975 0.0000254447
976 0.0000250297
977 0.0000318763
978 0.0001990687
979 0.0000298562
980 0.0000250297
981 0.0000391598
982 0.0000255602
983 0.0000254447
984 0.0000254447
985 0.0000244371
986 0.0000250297
987 0.0000244371
988 0.0000250297
989 0.0000326662
990 0.0000313788
991 0.0000250297
992 0.0000254447
993 0.0000266193
994 0.0000255602
995 0.0000250297
996 0.0000354661
997 0.0000254962
998 0.0000268867
999 0.0000244371
1000 0.0000457254
1001 0.0000341802
1002 0.0000273018
1003 0.0000255602
1004 0.0000286678
1005 0.0000282013
1006 0.0000250297
1007 0.0000280195
1008 0.0000255602
1009 0.0000308453
1010 0.0000260693
1011 0.0000250297
1012 0.0000250297
1013 0.0000752947
1014 0.0002340595
1015 0.0000395918
1016 0.0000351041
1017 0.0000244371
1018 0.0000250297
1019 0.0000269993
1020 0.0000244371
1021 0.0000260888
1022 0.0000306248
1023 0.0000272425
1024 0.0000250297
1025 0.0000250297
1026 0.0000335656
1027 0.0000296789
1028 0.0000250297
1029 0.0000343724
1030 0.0000339829
1031 0.0000255602
1032 0.0000623469
1033 0.0000244371
1034 0.0000272425
1035 0.0000823721
1036 0.0000326371
1037 0.0000298514
1038 0.0002254498
1039 0.0002250066
1040 0.0001232390
1041 0.0001202556
1042 0.0000254679
1043 0.0001363554
1044 0.0001868331
1045 0.0001781520
1046 0.0001738943
1047 0.0001718064
1048 0.0001707830
1049 0.0001702823
1050 0.0001700394
1051 0.0001699255
1052 0.0001698805
1053 0.0001698805
1054 0.0001699255
1055 0.0001700394
1056 0.0001702823
1057 0.0001707830
1058 0.0001718065
1059 0.0001738948
1060 0.0001781533
1061 0.0001868366
1062 0.0001363611
1063 0.0000244371
1064 0.0001344236
1065 0.0001841861
1066 0.0001756279
1067 0.0001714304
1068 0.0001693716
1069 0.0001683619
1070 0.0001678667
1071 0.0001676238
1072 0.0001675047
1073 0.0001674462
1074 0.0001674176
1075 0.0001674036
1076 0.0001673968
1077 0.0001673936
1078 0.0001673924
1079 0.0001673924
1080 0.0001673936
1081 0.0001673968
1082 0.0001674036
1083 0.0001674176
1084 0.0001674462
1085 0.0001675046
1086 0.0001676238
1087 0.0001678667
1088 0.0001683619
1089 0.0001693718
1090 0.0001714308
1091 0.0001756292
1092 0.0001841895
1093 0.0001344293
1094 0.0000271000
1095 0.0000354486
1096 0.0000272425
1097 0.0000626307
1098 0.0000333100
1099 0.0000480630
1100 0.0000625049
1101 0.0000359079
1102 0.0000422382
1103 0.0000287179
1104 0.0000946282
1105 0.0000381141
1106 0.0000430531
1107 0.0000388229
1108 0.0000244371
1109 0.0000336301
1110 0.0000244371
1111 0.0000366679
1112 0.0000274044
1113 0.0000394537
1114 0.0000244371
1115 0.0000363921
1116 0.0000244371
1117 0.0000331428
1118 0.0000244371
1119 0.0000275307
1120 0.0000244371
1121 0.0000302872
1122 0.0000309927
1123 0.0000285913
1124 0.0000275307
1125 0.0000244371
1126 0.0000305686
1127 0.0000244371
1128 0.0000361324
1129 0.0000244371
1130 0.0000275307
1131 0.0000331651
1132 0.0000244371
1133 0.0000275307
1134 0.0000244371
1135 0.0000244371
1136 0.0000244371
1137 0.0000244371
1138 0.0000302875
1139 0.0000273845
1140 0.0001358211
1141 0.0001861011
1142 0.0001774539
1143 0.0001732127
1144 0.0001711327
1145 0.0001701125
1146 0.0001696123
1147 0.0001693673
1148 0.0001692478
1149 0.0001691904
1150 0.0001691649
1151 0.0001691576
1152 0.0001691649
1153 0.0001691904
1154 0.0001692477
1155 0.0001693673
1156 0.0001696123
1157 0.0001701125
1158 0.0001711328
1159 0.0001732132
1160 0.0001774552
1161 0.0001861045
1162 0.0001358269
1163 0.0000338549
1164 0.0003275865
1165 0.0000627854
1166 0.0000333319
1167 0.0000350661
1168 0.0000343895
1169 0.0000244371
1170 0.0000315841
1171 0.0000297428
1172 0.0000297428
1173 0.0000370780
1174 0.0000297429
1175 0.0000297429
1176 0.0000244371
1177 0.0000297429
1178 0.0000307506
1179 0.0000244371
1180 0.0000297429
1181 0.0000328644
1182 0.0000328644
1183 0.0002191265
1184 0.0000297429
1185 0.0000244371
1186 0.0000352196
1187 0.0000354486
1188 0.0000540415
1189 0.0000272425
1190 0.0000399773
1191 0.0000346387
1192 0.0004561744
1193 0.0000386388
1194 0.0000297964
1195 0.0000630911
1196 0.0000375964
1197 0.0000364761
1198 0.0000566555
1199 0.0000315047
1200 0.0000315047
1201 0.0000314150
1202 0.0000820954
1203 0.0001196312
1204 0.0000587325
1205 0.0000417569
1206 0.0000512156
1207 0.0000439847
1208 0.0000867683
1209 0.0000272425
1210 0.0000244371
1211 0.0000315713
1212 0.0000511023
1213 0.0000272425
1214 0.0000244371
1215 0.0000415177
1216 0.0000315047
1217 0.0000283447
1218 0.0000258888
1219 0.0000351153
1220 0.0000620507
1221 0.0000405099
1222 0.0000567289
1223 0.0000456366
1224 0.0000997648
1225 0.0000961657
1226 0.0000310497
1227 0.0000393356
1228 0.0000876404
1229 0.0000346892
1230 0.0000723697
1231 0.0000799334
1232 0.0000907315
1233 0.0000760532
1234 0.0000363330
1235 0.0000419866
1236 0.0000277844
1237 0.0000315048
1238 0.0000422810
1239 0.0000419867
1240 0.0000315048
1241 0.0000315048
1242 0.0000547919
1243 0.0000315048
1244 0.0000315048
1245 0.0000315048
1246 0.0000315048
1247 0.0000512156
1248 0.0000315048
1249 0.0000315048
1250 0.0000315048
1251 0.0000315048
1252 0.0000315048
1253 0.0000315048
1254 0.0000315048
1255 0.0000311020
1256 0.0000311020
1257 0.0000392064
1258 0.0000278384
1259 0.0000496579
1260 0.0000315048
1261 0.0000321387
1262 0.0000453045
1263 0.0000244371
1264 0.0000281222
1265 0.0000308624
1266 0.0000281222
1267 0.0000244371
1268 0.0000258017
1269 0.0000307347
1270 0.0000260793
1271 0.0000270496
1272 0.0000270496
1273 0.0000244371
1274 0.0000281222
1275 0.0000268275
1276 0.0000244371
1277 0.0000268275
1278 0.0000286072
1279 0.0000309277
1280 0.0000319868
1281 0.0000274581
1282 0.0000267711
1283 0.0000267711
1284 0.0000267711
1285 0.0000267711
1286 0.0000267711
1287 0.0000267711
1288 0.0000267711
1289 0.0000267711
1290 0.0001784984
1291 0.0000267711
1292 0.0000274581
1293 0.0000477770
1294 0.0000274581
1295 0.0000274581
1296 0.0000286072
1297 0.0000440288
1298 0.0000315998
1299 0.0000272425
1300 0.0000495277
1301 0.0000272425
1302 0.0000244371
1303 0.0001311444
1304 0.0000648190
1305 0.0001068060
1306 0.0000754076
1307 0.0001149957
1308 0.0002193691
1309 0.0000736554
1310 0.0000290045
1311 0.0000244371
1312 0.0000244371
1313 0.0000272425
1314 0.0000462400
1315 0.0000409602
1316 0.0001629363
1317 0.0000389939
1318 0.0000244371
1319 0.0000244371
1320 0.0000279454
1321 0.0000283961
1322 0.0000283961
1323 0.0000283961
1324 0.0000283961
1325 0.0001863282
1326 0.0001629363
1327 0.0000523332
1328 0.0000282073
1329 0.0000282073
1330 0.0000282073
1331 0.0000282073
1332 0.0000282073
1333 0.0000282073
1334 0.0000282073
1335 0.0000399215
1336 0.0000492222
1337 0.0002445174
1338 0.0002932959
1339 0.0001508465
1340 0.0000919334
1341 0.0000744470
1342 0.0000705883
1343 0.0000697129
1344 0.0000695403
1345 0.0000696609
1346 0.0000706102
1347 0.0000767438
1348 0.0001029548
1349 0.0002202807
1350 0.0003791895
1351 0.0001743451
1352 0.0000992866
1353 0.0000672342
1354 0.0000595684
1355 0.0000577522
1356 0.0000573716
1357 0.0000574952
1358 0.0000583888
1359 0.0000619277
1360 0.0000741830
1361 0.0000776500
1362 0.0000337351
1363 0.0000244371
1364 0.0000826245
1365 0.0000643830
1366 0.0000461414
1367 0.0000337351
1368 0.0000244371
1369 0.0000254962
1370 0.0000244371
1371 0.0000254962
1372 0.0000244371
1373 0.0000254962
1374 0.0000244371
1375 0.0000348231
1376 0.0000341802
1377 0.0000244371
1378 0.0000468704
1379 0.0000469297
1380 0.0000496393
1381 0.0000311023
1382 0.0000311023
1383 0.0000481630
1384 0.0000309297
1385 0.0000761673
1386 0.0000352277
1387 0.0002348838
1388 0.0000352277
1389 0.0000244371
1390 0.0000244371
1391 0.0000964011
1392 0.0000244371
1393 0.0000258888
1394 0.0000244371
1395 0.0000257353
1396 0.0000478527
1397 0.0000244371
1398 0.0000298862
1399 0.0000293110
1400 0.0000293110
1401 0.0000244371
1402 0.0000244371
1403 0.0000286710
1404 0.0000293110
1405 0.0000279185
1406 0.0000286710
1407 0.0000293110
1408 0.0000286710
1409 0.0000286710
1410 0.0000286710
1411 0.0000279186
1412 0.0000279186
1413 0.0000293113
1414 0.0000250637
1415 0.0016281084
1416 0.0011479930
1417 0.0004973921
1418 0.0001946271
1419 0.0001059116
1420 0.0000799163
1421 0.0000722993
1422 0.0000700674
1423 0.0000694134
1424 0.0000692217
1425 0.0000691656
1426 0.0000691491
1427 0.0000691443
1428 0.0000691429
1429 0.0000691425
1430 0.0000691423
1431 0.0000691423
1432 0.0000691423
1433 0.0000691423
1434 0.0000691423
1435 0.0000691423
1436 0.0000691423
1437 0.0000691423
1438 0.0000691424
1439 0.0000691426
1440 0.0000691433
1441 0.0000691458
1442 0.0000691541
1443 0.0000691825
1444 0.0000692796
1445 0.0000696108
1446 0.0000707411
1447 0.0000559492
1448 0.0000516500
1449 0.0000279186
1450 0.0000244371
1451 0.0000278991
1452 0.0000278991
1453 0.0000278991
1454 0.0000278384
1455 0.0000397564
1456 0.0000397564
1457 0.0000362681
1458 0.0000278384
1459 0.0000244371
1460 0.0000278991
1461 0.0000244371
1462 0.0000244371
1463 0.0000244371
1464 0.0000264552
1465 0.0000320513
1466 0.0000244371
1467 0.0000244371
1468 0.0000244371
1469 0.0000244371
1470 0.0000244371
1471 0.0000244371
1472 0.0000452081
1473 0.0000244371
1474 0.0000320515
1475 0.0000244371
1476 0.0000244371
1477 0.0000525352
1478 0.0000305140
1479 0.0000244371
1480 0.0000244371
1481 0.0000433551
1482 0.0000254447
1483 0.0000244371
1484 0.0000348226
1485 0.0000452081
1486 0.0000244371
1487 0.0000244371
1488 0.0000348231
1489 0.0000244371
1490 0.0000452081
1491 0.0000244371
1492 0.0000244371
1493 0.0000244371
1494 0.0000720794
1495 0.0000298562
1496 0.0000703810
1497 0.0000244371
1498 0.0000244371
1499 0.0000244371
1500 0.0000244371
1501 0.0000244371
1502 0.0000260693
1503 0.0000327698
1504 0.0000300081
1505 0.0000300081
1506 0.0000868616
1507 0.0000669251
1508 0.0000300081
1509 0.0000329392
1510 0.0000329392
1511 0.0000329392
1512 0.0000300081
1513 0.0000523663
1514 0.0002337423
1515 0.0000528207
1516 0.0000528207
1517 0.0000528207
1518 0.0000528207
1519 0.0000752701
1520 0.0000528207
1521 0.0000284345
1522 0.0000327698
1523 0.0000452081
1524 0.0000244371
1525 0.0000244371
1526 0.0000244371
1527 0.0000244371
1528 0.0000244371
1529 0.0000244371
1530 0.0000274045
1531 0.0000506978
1532 0.0000274045
1533 0.0000274045
1534 0.0000274045
1535 0.0000274045
1536 0.0000274045
1537 0.0000244371
1538 0.0000328341
1539 0.0000272425
1540 0.0000472433
1541 0.0000257482
1542 0.0000257482
1543 0.0000257482
1544 0.0000257482
1545 0.0000257482
1546 0.0000257482
1547 0.0000257482
1548 0.0000257482
1549 0.0000257482
1550 0.0000257482
1551 0.0000257482
1552 0.0000257482
1553 0.0000277664
1554 0.0000257483
1555 0.0000257483
1556 0.0000244371
1557 0.0000244371
1558 0.0000409485
1559 0.0000756406
1560 0.0000357034
1561 0.0000313979
1562 0.0000313979
1563 0.0000530194
1564 0.0000573254
1565 0.0000313982
1566 0.0000313982
1567 0.0000587391
1568 0.0001554140
1569 0.0001544476
1570 0.0000283292
1571 0.0020938887
1572 0.0010673338
1573 0.0005374129
1574 0.0002069676
1575 0.0001043018
1576 0.0000724046
1577 0.0000624945
1578 0.0000594155
1579 0.0000584589
1580 0.0000581617
1581 0.0000580694
1582 0.0000580407
1583 0.0000580318
1584 0.0000580290
1585 0.0000580282
1586 0.0000580279
1587 0.0000580278
1588 0.0000580278
1589 0.0000580278
1590 0.0000580278
1591 0.0000580278
1592 0.0000580278
1593 0.0000580278
1594 0.0000580278
1595 0.0000580279
1596 0.0000580282
1597 0.0000580292
1598 0.0000580323
1599 0.0000580423
1600 0.0000580745
1601 0.0000581782
1602 0.0000585118
1603 0.0000595857
1604 0.0000420283
1605 0.0000900789
1606 0.0000244371
1607 0.0000244371
1608 0.0019688414
1609 0.0010060035
1610 0.0005087369
1611 0.0001979642
1612 0.0001014105
1613 0.0000714123
1614 0.0000620922
1615 0.0000591965
1616 0.0000582968
1617 0.0000580173
1618 0.0000579305
1619 0.0000579035
1620 0.0000578951
1621 0.0000578925
1622 0.0000578917
1623 0.0000578915
1624 0.0000578914
1625 0.0000578914
1626 0.0000578914
1627 0.0000578914
1628 0.0000578914
1629 0.0000578914
1630 0.0000578915
1631 0.0000578918
1632 0.0000578927
1633 0.0000578958
1634 0.0000579058
1635 0.0000579380
1636 0.0000580414
1637 0.0000583742
1638 0.0000594456
1639 0.0000419295
1640 0.0000244371
1641 0.0000244371
1642 0.0000244371
1643 0.0000244371
1644 0.0003682386
1645 0.0001461927
1646 0.0000777224
1647 0.0000515771
1648 0.0000457447
1649 0.0000444436
1650 0.0000441533
1651 0.0000440886
1652 0.0000440741
1653 0.0000440709
1654 0.0000440702
1655 0.0000440700
1656 0.0000440700
1657 0.0000440700
1658 0.0000440700
1659 0.0000440702
1660 0.0000440713
1661 0.0000440758
1662 0.0000440961
1663 0.0000441870
1664 0.0000445947
1665 0.0000348168
1666 0.0000244371
1667 0.0000764327
1668 0.0002046937
1669 0.0000346720
1670 0.0000244371
1671 0.0000388262
1672 0.0001322491
1673 0.0000548962
1674 0.0000469200
1675 0.0000469200
1676 0.0000548965
1677 0.0000469200
1678 0.0000346720
1679 0.0002691993
1680 0.0000407817
1681 0.0000407817
1682 0.0000407817
1683 0.0000407817
1684 0.0000285913
1685 0.0000487583
1686 0.0000324136
1687 0.0000407817
1688 0.0000407817
1689 0.0000641131
1690 0.0000407817
1691 0.0000291678
1692 0.0000407817
1693 0.0000540760
1694 0.0000407817
1695 0.0000418856
1696 0.0000407817
1697 0.0000244371
1698 0.0000346720
1699 0.0001040317
1700 0.0000284026
1701 0.0000262942
1702 0.0000262942
1703 0.0000244371
1704 0.0000262942
1705 0.0000486448
1706 0.0000244371
1707 0.0000244371
1708 0.0000325236
1709 0.0000244371
1710 0.0000261681
1711 0.0000318515
1712 0.0002123729
1713 0.0000261681
1714 0.0000318515
1715 0.0002123729
1716 0.0000377590
1717 0.0000244371
1718 0.0000367515
1719 0.0000244371
1720 0.0000367517
1721 0.0000244371
1722 0.0000367519
1723 0.0000244371
1724 0.0000244371
1725 0.0000348231
1726 0.0000348231
1727 0.0000244371
1728 0.0000466507
1729 0.0000310461
1730 0.0000310461
1731 0.0000425000
1732 0.0000789117
1733 0.0000378524
1734 0.0000378524
1735 0.0000244371
1736 0.0000244371
1737 0.0000313611
1738 0.0000313611
1739 0.0000313611
1740 0.0000244371
1741 0.0000313611
1742 0.0000244371
1743 0.0000254447
1744 0.0000316466
1745 0.0000244371
1746 0.0000244371
1747 0.0000298169
1748 0.0000250297
1749 0.0000244371
1750 0.0000454609
1751 0.0000254447
1752 0.0000244371
1753 0.0000244371
1754 0.0000316466
1755 0.0000244371
1756 0.0000256066
1757 0.0001629363
1758 0.0000244371
1759 0.0001629363
1760 0.0000244371
1761 0.0000244371
1762 0.0000244371
1763 0.0000244371
1764 0.0000244371
1765 0.0000452091
1766 0.0000244371
1767 0.0000244371
1768 0.0000244371
1769 0.0000244371
1770 0.0000316466
1771 0.0000719368
1772 0.0000273489
1773 0.0000360601
1774 0.0000283116
1775 0.0000273489
1776 0.0001718324
1777 0.0001734099
1778 0.0000273489
1779 0.0001718324
1780 0.0001734099
1781 0.0000273489
1782 0.0000273489
1783 0.0000273489
1784 0.0000273489
1785 0.0000273489
1786 0.0000360606
1787 0.0000273489
1788 0.0000273489
1789 0.0000254447
1790 0.0000244371
1791 0.0000244371
1792 0.0000244371
1793 0.0000244371
1794 0.0000244371
1795 0.0000244371
1796 0.0000244371
1797 0.0004712421
1798 0.0001666142
1799 0.0000986129
1800 0.0000793988
1801 0.0000760320
1802 0.0000754422
1803 0.0000753394
1804 0.0000753244
1805 0.0000753394
1806 0.0000754422
1807 0.0000760319
1808 0.0000793984
1809 0.0000986117
1810 0.0001666133
1811 0.0004712566
1812 0.0004459846
1813 0.0000244371
1814 0.0000244371
1815 0.0000244371
1816 0.0000244371
1817 0.0000244371
1818 0.0003942866
1819 0.0001506478
1820 0.0000961275
1821 0.0000799755
1822 0.0000771479
1823 0.0000766671
1824 0.0000766671
1825 0.0000771478
1826 0.0000799752
1827 0.0000961265
1828 0.0001506471
1829 0.0003942983
1830 0.0003682168
1831 0.0000616055
1832 0.0000284026
1833 0.0000425000
1834 0.0000267072
1835 0.0001780728
1836 0.0001780728
1837 0.0001277725
1838 0.0000267072
1839 0.0000372663
1840 0.0000267072
1841 0.0001277746
1842 0.0000299352
1843 0.0017751063
1844 0.0012466871
1845 0.0005360348
1846 0.0002060340
1847 0.0001093379
1848 0.0000810042
1849 0.0000727019
1850 0.0000702692
1851 0.0000695564
1852 0.0000693475
1853 0.0000692863
1854 0.0000692684
1855 0.0000692631
1856 0.0000692616
1857 0.0000692611
1858 0.0000692610
1859 0.0000692610
1860 0.0000692610
1861 0.0000692610
1862 0.0000692610
1863 0.0000692610
1864 0.0000692610
1865 0.0000692610
1866 0.0000692610
1867 0.0000692610
1868 0.0000692610
1869 0.0000692610
1870 0.0000692613
1871 0.0000692620
1872 0.0000692644
1873 0.0000692728
1874 0.0000693012
1875 0.0000693985
1876 0.0000697302
1877 0.0000708625
1878 0.0000560452
1879 0.0000244371
1880 0.0000280195
1881 0.0000244371
1882 0.0000244371
1883 0.0000244371
1884 0.0000244371
1885 0.0000663916
1886 0.0000663916
1887 0.0001480780
1888 0.0000244371
1889 0.0001166331
1890 0.0002108273
1891 0.0001991885
1892 0.0001942422
1893 0.0001942431
1894 0.0001991915
1895 0.0002108341
1896 0.0001166403
1897 0.0002379060
1898 0.0000523117
1899 0.0000355536
1900 0.0000523117
1901 0.0000517126
1902 0.0000962684
1903 0.0000517138
1904 0.0000355536
1905 0.0000717375
1906 0.0001749333
1907 0.0000272427
1908 0.0000302263
1909 0.0000302263
1910 0.0000302263
1911 0.0000496147
1912 0.0000272427
1913 0.0000298562
1914 0.0000354348
1915 0.0000244371
1916 0.0000348231
1917 0.0000348231
1918 0.0000334251
1919 0.0000299701
1920 0.0000269846
1921 0.0000273041
1922 0.0000265222
1923 0.0000318916
1924 0.0000273041
1925 0.0000244371
1926 0.0000244371
1927 0.0000273041
1928 0.0000269846
1929 0.0000273041
1930 0.0000269846
1931 0.0000269846
1932 0.0000422777
1933 0.0000315721
1934 0.0000339682
1935 0.0000339682
1936 0.0000339682
1937 0.0000350406
1938 0.0000265222
1939 0.0000244371
1940 0.0000269846
1941 0.0000269857
1942 0.0003158800
1943 0.0000269857
1944 0.0000269857
1945 0.0000269857
1946 0.0000290245
1947 0.0000331065
1948 0.0000290245
1949 0.0000269846
1950 0.0000244371
1951 0.0000244371
1952 0.0001005746
1953 0.0000358261
1954 0.0000358261
1955 0.0000358261
1956 0.0000454937
1957 0.0000827546
1958 0.0000785717
1959 0.0000499909
1960 0.0000358265
1961 0.0000284705
1962 0.0000341047
1963 0.0000341047
1964 0.0000386015
1965 0.0000398716
1966 0.0000244371
1967 0.0000244371
1968 0.0002155894
1969 0.0000447988
1970 0.0000447988
1971 0.0000447988
1972 0.0002155916
1973 0.0001807161
1974 0.0002155943
1975 0.0000473436
1976 0.0002155956
1977 0.0002155968
1978 0.0000376879
1979 0.0000474658
1980 0.0000405393
1981 0.0000275697
1982 0.0000275697
1983 0.0000275697
1984 0.0000275697
1985 0.0000275697
1986 0.0000275697
1987 0.0000275697
1988 0.0000275697
1989 0.0000275697
1990 0.0000275697
1991 0.0000275697
1992 0.0000638180
1993 0.0000778881
1994 0.0000778881
1995 0.0000447848
1996 0.0000447848
1997 0.0001915125
1998 0.0000447858
1999 0.0000405393
2000 0.0000440629
2001 0.0000405393
2002 0.0004071915
2003 0.0000440629
2004 0.0000440629
2005 0.0000405399
2006 0.0000405399
2007 0.0000353762
2008 0.0000514796
2009 0.0000654463
2010 0.0000353767
2011 0.0000405399
2012 0.0000405399
2013 0.0000405399
2014 0.0000698788
2015 0.0000318619
2016 0.0000318619
2017 0.0000318619
2018 0.0000318619
2019 0.0000318619
2020 0.0000318619
2021 0.0000318619
2022 0.0000751825
2023 0.0000278384
2024 0.0000318619
2025 0.0000520265
2026 0.0000440629
2027 0.0001154487
2028 0.0000273675
2029 0.0000568044
2030 0.0000244371
2031 0.0000244371
2032 0.0003239083
2033 0.0000244371
2034 0.0001500001
2035 0.0000738621
2036 0.0000738621
2037 0.0000738621
2038 0.0000244371
2039 0.0000250297
2040 0.0000284026
2041 0.0000244371
2042 0.0000244371
2043 0.0000244371
2044 0.0000635809
2045 0.0000531114
2046 0.0000357235
2047 0.0000357235
2048 0.0000357235
2049 0.0000357235
2050 0.0001327247
2051 0.0000719314
2052 0.0000500949
2053 0.0000500954
2054 0.0000288044
2055 0.0000288044
2056 0.0000268854
2057 0.0000268854
2058 0.0000268854
2059 0.0000268854
2060 0.0000268854
2061 0.0000268854
2062 0.0000268854
2063 0.0000268854
2064 0.0000288044
2065 0.0000293339
2066 0.0000462344
2067 0.0000291297
2068 0.0000346200
2069 0.0000288044
2070 0.0000288044
2071 0.0000288044
2072 0.0000252813
2073 0.0000252813
2074 0.0000252813
2075 0.0000252813
2076 0.0000371817
2077 0.0000252813
2078 0.0000252813
2079 0.0000252813
2080 0.0000489003
2081 0.0000287809
2082 0.0000252813
2083 0.0000263405
2084 0.0000468270
2085 0.0000415255
2086 0.0000244371
2087 0.0000252813
2088 0.0000252813
2089 0.0000252813
2090 0.0000252813
2091 0.0000252813
2092 0.0000252813
2093 0.0000252813
2094 0.0000252813
2095 0.0000252813
2096 0.0000277217
2097 0.0000318650
2098 0.0000547362
2099 0.0000288044
2100 0.0000252813
2101 0.0000244371
2102 0.0000244371
2103 0.0000244371
2104 0.0000244371
2105 0.0000452091
2106 0.0000244371
2107 0.0000452091
2108 0.0000244371
2109 0.0000244371
2110 0.0000244371
2111 0.0000244371
2112 0.0000348231
2113 0.0000244371
2114 0.0000555951
2115 0.0000244371
2116 0.0000468864
2117 0.0001833523
2118 0.0001833529
2119 0.0001833534
2120 0.0001833540
2121 0.0001833545
2122 0.0001833550
2123 0.0001833556
2124 0.0001833561
2125 0.0001833567
2126 0.0001833572
2127 0.0001833578
2128 0.0001833583
2129 0.0001833588
2130 0.0000254447
2131 0.0000244371
2132 0.0000294741
2133 0.0000296301
2134 0.0000296301
2135 0.0000294741
2136 0.0000370296
2137 0.0000296301
2138 0.0000294741
2139 0.0000296301
2140 0.0000294743
2141 0.0000699765
2142 0.0001624327
2143 0.0000444388
2144 0.0000438461
2145 0.0000438461
2146 0.0000617072
2147 0.0000244371
2148 0.0000438461
2149 0.0000430721
2150 0.0000438463
2151 0.0000244371
2152 0.0000624814
2153 0.0000244371
2154 0.0000348231
2155 0.0000244371
2156 0.0000253402
2157 0.0000253402
2158 0.0000253402
2159 0.0000253402
2160 0.0000253402
2161 0.0000253402
2162 0.0000253402
2163 0.0000253402
2164 0.0000253402
2165 0.0000253402
2166 0.0000468789
2167 0.0000253402
2168 0.0000253402
2169 0.0000253402
2170 0.0000253402
2171 0.0000253402
2172 0.0000684196
2173 0.0000253402
2174 0.0000253402
2175 0.0000253402
2176 0.0000253402
2177 0.0000244371
2178 0.0000244371
2179 0.0000244371
2180 0.0000285915
2181 0.0000244371
2182 0.0000254962
2183 0.0000244371
2184 0.0000264552
2185 0.0000244371
2186 0.0000254447
2187 0.0000244371
2188 0.0000279454
2189 0.0000244371
2190 0.0000244371
2191 0.0000244371
2192 0.0000244371
2193 0.0000244371
2194 0.0000244371
2195 0.0000244371
2196 0.0000704364
2197 0.0006249767
2198 0.0003625352
2199 0.0000704383
2200 0.0001221149
2201 0.0000854063
2202 0.0000854063
2203 0.0001295625
2204 0.0000394050
2205 0.0000854063
2206 0.0000704383
2207 0.0000704383
2208 0.0000779224
2209 0.0002181741
2210 0.0000704383
2211 0.0000244371
2212 0.0000244371
2213 0.0002863266
2214 0.0000279454
2215 0.0000279454
2216 0.0000278585
2217 0.0000244371
2218 0.0000513972
2219 0.0000317185
2220 0.0000317185
2221 0.0000317185
2222 0.0000244371
2223 0.0000244371
2224 0.0000526349
2225 0.0000244371
2226 0.0000244371
2227 0.0000244371
2228 0.0000244371
2229 0.0000254447
2230 0.0000307516
2231 0.0000375068
2232 0.0000244371
2233 0.0000244371
2234 0.0001629363
2235 0.0000244371
2236 0.0000244371
2237 0.0025691744
2238 0.0000610714
2239 0.0000252630
2240 0.0000252630
2241 0.0000252630
2242 0.0000252630
2243 0.0000402251
2244 0.0000258081
2245 0.0000258081
2246 0.0000822294
2247 0.0000244371
2248 0.0000258081
2249 0.0000299214
2250 0.0000299214
2251 0.0000299214
2252 0.0000258081
2253 0.0000258081
2254 0.0000448845
2255 0.0000435135
2256 0.0000956000
2257 0.0000527288
2258 0.0000244371
2259 0.0000244371
2260 0.0001036466
2261 0.0001036466
2262 0.0000473862
2263 0.0074897768
2264 0.0000925191
2265 0.0006126543
2266 0.0000703472
2267 0.0001627131
2268 0.0000542891
2269 0.0000995329
2270 0.0000547777
2271 0.0000547777
2272 0.0000300298
2273 0.0000300298
2274 0.0000526387
2275 0.0000582315
2276 0.0000526387
2277 0.0000300301
2278 0.0000300301
2279 0.0000300301
2280 0.0000542891
2281 0.0000995329
2282 0.0000547777
2283 0.0000547777
2284 0.0000300298
2285 0.0000300298
2286 0.0000526387
2287 0.0000582315
2288 0.0000526387
2289 0.0000300301
2290 0.0000300301
2291 0.0000300301
2292 0.0000404497
2293 0.0002127173
2294 0.0000257489
2295 0.0000327033
2296 0.0001716834
2297 0.0001716834
2298 0.0000257489
2299 0.0000313914
2300 0.0000532776
2301 0.0000327033
2302 0.0000257489
2303 0.0000313914
2304 0.0000726276
2305 0.0000313914
2306 0.0000377787
2307 0.0000377787
2308 0.0000313914
2309 0.0002518932
2310 0.0003119094
2311 0.0001583137
2312 0.0000447816
2313 0.0000580736
2314 0.0001135888
2315 0.0000313914
2316 0.0000726276
2317 0.0000482271
2318 0.0005796690
2319 0.0000313914
2320 0.0000726276
2321 0.0000282488
2322 0.0000522609
2323 0.0000726716
2324 0.0000900212
2325 0.0001047687
2326 0.0000282488
2327 0.0000313914
2328 0.0000282490
2329 0.0000357302
2330 0.0001204674
2331 0.0002228713
2332 0.0000313914
2333 0.0000313914
2334 0.0001066821
2335 0.0001457666
2336 0.0000313914
2337 0.0000313914
2338 0.0001716834
2339 0.0000257489
2340 0.0000482273
2341 0.0000594213
2342 0.0000594220
2343 0.0001716834
2344 0.0000370422
2345 0.0001716713
2346 0.0001716745
2347 0.0001716838
2348 0.0000257490
2349 0.0000257490
2350 0.0000414629
2351 0.0000821688
2352 0.0000261406
2353 0.0000261406
2354 0.0004037014
2355 0.0004037091
2356 0.0000261406
2357 0.0000261406
2358 0.0000261406
2359 0.0002262567
2360 0.0001223021
2361 0.0000261406
2362 0.0001742821
2363 0.0001742854
2364 0.0000261406
2365 0.0000364756
2366 0.0001742701
2367 0.0001742738
2368 0.0000261406
2369 0.0000261406
2370 0.0000261406
2371 0.0000261406
2372 0.0000261406
2373 0.0000261406
2374 0.0000261406
2375 0.0000261406
2376 0.0000261406
2377 0.0002338357
2378 0.0002338386
2379 0.0002653714
2380 0.0001742948
2381 0.0001742948
2382 0.0000261406
2383 0.0000261406
2384 0.0001526479
2385 0.0001526499
2386 0.0002175305
2387 0.0000261406
2388 0.0000261406
2389 0.0000261406
2390 0.0000414629
2391 0.0001015041
2392 0.0000289781
2393 0.0000289781
2394 0.0000289781
2395 0.0000289781
2396 0.0000289781
2397 0.0000289781
2398 0.0000289781
2399 0.0000289781
2400 0.0000561189
2401 0.0000289781
2402 0.0000289781
2403 0.0000289781
2404 0.0000289781
2405 0.0000289781
2406 0.0000289781
2407 0.0000289781
2408 0.0001789149
2409 0.0000289781
2410 0.0000412942
2411 0.0000414629
2412 0.0000821688
2413 0.0000288024
2414 0.0000288024
2415 0.0000288024
2416 0.0000288024
2417 0.0000288024
2418 0.0000288024
2419 0.0000288024
2420 0.0000358522
2421 0.0000288024
2422 0.0000288024
2423 0.0000288024
2424 0.0000288024
2425 0.0000288024
2426 0.0012114388
2427 0.0000288024
2428 0.0000326140
2429 0.0000799567
2430 0.0000312335
2431 0.0000312335
2432 0.0000312335
2433 0.0000312335
2434 0.0000312335
2435 0.0000312335
2436 0.0000577815
2437 0.0000312335
2438 0.0000312335
2439 0.0000312335
2440 0.0000326140
2441 0.0000746471
2442 0.0000314872
2443 0.0000314872
2444 0.0000314872
2445 0.0000314872
2446 0.0000314872
2447 0.0000314872
2448 0.0000314872
2449 0.0000399293
2450 0.0001765445
2451 0.0000516138
2452 0.0001750673
2453 0.0005888401
2454 0.0001051961
2455 0.0001456192
2456 0.0001452654
2457 0.0001453623
2458 0.0001452856
2459 0.0001491424
2460 0.0001051971
2461 0.0001464558
2462 0.0001452838
2463 0.0001453624
2464 0.0001456216
2465 0.0001464576
2466 0.0001491453
2467 0.0001750673
2468 0.0000262565
2469 0.0000262565
2470 0.0000302088
2471 0.0000302088
2472 0.0000447752
2473 0.0000320490
2474 0.0000262565
2475 0.0000302088
2476 0.0000715936
2477 0.0000302088
2478 0.0003180572
2479 0.0001614341
2480 0.0000456642
2481 0.0000574323
2482 0.0001163178
2483 0.0000302088
2484 0.0000715936
2485 0.0000473764
2486 0.0005746553
2487 0.0000302088
2488 0.0000715936
2489 0.0000715925
2490 0.0007369890
2491 0.0000592402
2492 0.0001767600
2493 0.0001491520
2494 0.0001405745
2495 0.0001379096
2496 0.0001370817
2497 0.0001368244
2498 0.0001367446
2499 0.0001367200
2500 0.0001367130
2501 0.0001367128
2502 0.0001367194
2503 0.0001367428
2504 0.0001368186
2505 0.0001370627
2506 0.0001378488
2507 0.0001403789
2508 0.0000990151
2509 0.0000495529
2510 0.0001750427
2511 0.0001750464
2512 0.0000320282
2513 0.0000320282
2514 0.0004164994
2515 0.0004221195
2516 0.0000302088
2517 0.0000302088
2518 0.0000302088
2519 0.0001750673
2520 0.0000473766
2521 0.0000605925
2522 0.0000605933
2523 0.0001750673
2524 0.0000513724
2525 0.0001221200
2526 0.0001278930
2527 0.0001203032
2528 0.0001750679
2529 0.0000262565
2530 0.0000409205
2531 0.0000414629
2532 0.0000821688
2533 0.0000481205
2534 0.0001065231
2535 0.0000373723
2536 0.0000373723
2537 0.0000373723
2538 0.0000373723
2539 0.0000481205
2540 0.0001082267
2541 0.0000359364
2542 0.0000359364
2543 0.0000359364
2544 0.0000359364
2545 0.0000359364
2546 0.0001050458
2547 0.0001398342
2548 0.0000313914
2549 0.0001263112
2550 0.0000383858
2551 0.0002553841
2552 0.0000343044
2553 0.0000343044
2554 0.0000343044
2555 0.0000343044
2556 0.0000343044
2557 0.0000343044
2558 0.0000343044
2559 0.0000343044
2560 0.0000343044
2561 0.0000343044
2562 0.0000343044
2563 0.0000343044
2564 0.0000343044
2565 0.0000343044
2566 0.0000343044
2567 0.0000343044
2568 0.0000343044
2569 0.0000634626
2570 0.0000343044
2571 0.0000343044
2572 0.0000326140
2573 0.0000323576
2574 0.0000323576
2575 0.0000323576
2576 0.0000323576
2577 0.0000323576
2578 0.0000326140
2579 0.0000323578
2580 0.0000598625
2581 0.0000326140
2582 0.0000939347
2583 0.0000315713
2584 0.0000270986
2585 0.0000315713
2586 0.0000315713
2587 0.0000315713
2588 0.0000512733
2589 0.0000270986
2590 0.0000688806
2591 0.0000270986
2592 0.0000688806
2593 0.0000270986
2594 0.0009812803
2595 0.0005239100
2596 0.0002854751
2597 0.0001300094
2598 0.0000817079
2599 0.0000667012
2600 0.0000620390
2601 0.0000605915
2602 0.0000601446
2603 0.0000600151
2604 0.0000600050
2605 0.0000600985
2606 0.0000604390
2607 0.0000615469
2608 0.0000434114
2609 0.0000270986
2610 0.0011563258
2611 0.0006091961
2612 0.0003248142
2613 0.0001418245
2614 0.0000849715
2615 0.0000673079
2616 0.0000618200
2617 0.0000601150
2618 0.0000595854
2619 0.0000594211
2620 0.0000593710
2621 0.0000593583
2622 0.0000593636
2623 0.0000593950
2624 0.0000595005
2625 0.0000598416
2626 0.0000609399
2627 0.0000429835
2628 0.0000270986
2629 0.0014483455
2630 0.0007517233
2631 0.0003907942
2632 0.0001618812
2633 0.0000907604
2634 0.0000686639
2635 0.0000617988
2636 0.0000596659
2637 0.0000590032
2638 0.0000587973
2639 0.0000587333
2640 0.0000587135
2641 0.0000587073
2642 0.0000587055
2643 0.0000587052
2644 0.0000587060
2645 0.0000587091
2646 0.0000587192
2647 0.0000587518
2648 0.0000588566
2649 0.0000591942
2650 0.0000602806
2651 0.0000425185
2652 0.0000270986
2653 0.0012301203
2654 0.0006452182
2655 0.0003414946
2656 0.0001468998
2657 0.0000864414
2658 0.0000676578
2659 0.0000618229
2660 0.0000600129
2661 0.0000594598
2662 0.0000593176
2663 0.0000593690
2664 0.0000596924
2665 0.0000607827
2666 0.0000428716
2667 0.0000429154
2668 0.0000609402
2669 0.0000601823
2670 0.0000609405
2671 0.0000429163
2672 0.0000270986
2673 0.0019743901
2674 0.0010088387
2675 0.0005101706
2676 0.0001985221
2677 0.0001016963
2678 0.0000716135
2679 0.0000622671
2680 0.0000593633
2681 0.0000584611
2682 0.0000581808
2683 0.0000580937
2684 0.0000580667
2685 0.0000580583
2686 0.0000580557
2687 0.0000580549
2688 0.0000580546
2689 0.0000580545
2690 0.0000580545
2691 0.0000580545
2692 0.0000580545
2693 0.0000580545
2694 0.0000580545
2695 0.0000580546
2696 0.0000580549
2697 0.0000580559
2698 0.0000580590
2699 0.0000580690
2700 0.0000581012
2701 0.0000582049
2702 0.0000585387
2703 0.0000596132
2704 0.0000420477
2705 0.0000270986
2706 0.0012147079
2707 0.0006376712
2708 0.0003379775
2709 0.0001458070
2710 0.0000861017
2711 0.0000675519
2712 0.0000617887
2713 0.0000599981
2714 0.0000594419
2715 0.0000592691
2716 0.0000592157
2717 0.0000592000
2718 0.0000591980
2719 0.0000592066
2720 0.0000592389
2721 0.0000593445
2722 0.0000596848
2723 0.0000607803
2724 0.0000428709
2725 0.0000270986
2726 0.0014483455
2727 0.0007517233
2728 0.0003907942
2729 0.0001618812
2730 0.0000907604
2731 0.0000686639
2732 0.0000617988
2733 0.0000596659
2734 0.0000590032
2735 0.0000587973
2736 0.0000587333
2737 0.0000587135
2738 0.0000587073
2739 0.0000587055
2740 0.0000587052
2741 0.0000587060
2742 0.0000587091
2743 0.0000587192
2744 0.0000587518
2745 0.0000588566
2746 0.0000591942
2747 0.0000602806
2748 0.0000425185
2749 0.0000270986
2750 0.0013945129
2751 0.0007255235
2752 0.0003787384
2753 0.0001582954
2754 0.0000898240
2755 0.0000686082
2756 0.0000622020
2757 0.0000608081
2758 0.0000622949
2759 0.0000689364
2760 0.0000908905
2761 0.0000688562
2762 0.0000620107
2763 0.0000598847
2764 0.0000592270
2765 0.0000590319
2766 0.0000590008
2767 0.0000590862
2768 0.0000594189
2769 0.0000605075
2770 0.0000426782
2771 0.0000270986
2772 0.0015652116
2773 0.0008088147
2774 0.0004172733
2775 0.0001699805
2776 0.0000931493
2777 0.0000692787
2778 0.0000618623
2779 0.0000595582
2780 0.0000588423
2781 0.0000586199
2782 0.0000585508
2783 0.0000585293
2784 0.0000585226
2785 0.0000585206
2786 0.0000585199
2787 0.0000585198
2788 0.0000585201
2789 0.0000585210
2790 0.0000585242
2791 0.0000585343
2792 0.0000585667
2793 0.0000586713
2794 0.0000590077
2795 0.0000600908
2796 0.0000423846
2797 0.0000270986
2798 0.0011563258
2799 0.0006091961
2800 0.0003248142
2801 0.0001418245
2802 0.0000849715
2803 0.0000673079
2804 0.0000618200
2805 0.0000601150
2806 0.0000595854
2807 0.0000594211
2808 0.0000593710
2809 0.0000593583
2810 0.0000593636
2811 0.0000593950
2812 0.0000595005
2813 0.0000598416
2814 0.0000609399
2815 0.0000429835
2816 0.0000270986
2817 0.0014483455
2818 0.0007517233
2819 0.0003907942
2820 0.0001618812
2821 0.0000907604
2822 0.0000686639
2823 0.0000617988
2824 0.0000596659
2825 0.0000590032
2826 0.0000587973
2827 0.0000587333
2828 0.0000587135
2829 0.0000587073
2830 0.0000587055
2831 0.0000587052
2832 0.0000587060
2833 0.0000587091
2834 0.0000587192
2835 0.0000587518
2836 0.0000588566
2837 0.0000591942
2838 0.0000602806
2839 0.0000425185
2840 0.0000270986
2841 0.0012731025
2842 0.0006661638
2843 0.0003511595
2844 0.0001498061
2845 0.0000872478
2846 0.0000678116
2847 0.0000617729
2848 0.0000598968
2849 0.0000593139
2850 0.0000591328
2851 0.0000590767
2852 0.0000590595
2853 0.0000590551
2854 0.0000590565
2855 0.0000590662
2856 0.0000590988
2857 0.0000592042
2858 0.0000595437
2859 0.0000606366
2860 0.0000427696
2861 0.0000270986
2862 0.0012147079
2863 0.0006376712
2864 0.0003379775
2865 0.0001458070
2866 0.0000861017
2867 0.0000675519
2868 0.0000617887
2869 0.0000599981
2870 0.0000594419
2871 0.0000592691
2872 0.0000592157
2873 0.0000592000
2874 0.0000591980
2875 0.0000592066
2876 0.0000592389
2877 0.0000593445
2878 0.0000596848
2879 0.0000607803
2880 0.0000428709
2881 0.0000270986
2882 0.0012731025
2883 0.0006661638
2884 0.0003511595
2885 0.0001498061
2886 0.0000872478
2887 0.0000678116
2888 0.0000617729
2889 0.0000598968
2890 0.0000593139
2891 0.0000591328
2892 0.0000590767
2893 0.0000590595
2894 0.0000590551
2895 0.0000590565
2896 0.0000590662
2897 0.0000590988
2898 0.0000592042
2899 0.0000595437
2900 0.0000606366
2901 0.0000427696
2902 0.0000270986
2903 0.0009812803
2904 0.0005239100
2905 0.0002854751
2906 0.0001300094
2907 0.0000817079
2908 0.0000667012
2909 0.0000620390
2910 0.0000605915
2911 0.0000601446
2912 0.0000600151
2913 0.0000600050
2914 0.0000600985
2915 0.0000604390
2916 0.0000615469
2917 0.0000434114
2918 0.0000289098
2919 0.0000315713
2920 0.0000328569
2921 0.0000270986
2922 0.0000270986
2923 0.0000270986
2924 0.0000326140
2925 0.0000284856
2926 0.0000486504
2927 0.0000532597
2928 0.0000415013
2929 0.0000381696
2930 0.0000415013
2931 0.0000264106
2932 0.0000775007
2933 0.0000264106
2934 0.0004581250
2935 0.0000326140
2936 0.0001561623
2937 0.0001893490
2938 0.0001893504
2939 0.0001893519
2940 0.0001561670
2941 0.0000264107
2942 0.0001760827
2943 0.0001760860
2944 0.0000264107
2945 0.0001760955
2946 0.0000264107
2947 0.0000264107
2948 0.0000264107
2949 0.0000264107
2950 0.0000264107
2951 0.0000264107
2952 0.0001760827
2953 0.0001760860
2954 0.0001760955
2955 0.0000264107
2956 0.0000264107
2957 0.0000418927
2958 0.0000728580
2959 0.0000728593
2960 0.0000264107
2961 0.0000264107
2962 0.0000687093
2963 0.0000244371
2964 0.0001244186
2965 0.0000455895
2966 0.0000355245
2967 0.0000378396
2968 0.0000355245
2969 0.0000355245
2970 0.0000892520
2971 0.0000387549
2972 0.0000354179
2973 0.0000354179
2974 0.0000326140
2975 0.0001851683
2976 0.0001851707
2977 0.0001851730
2978 0.0000277741
2979 0.0000277741
2980 0.0000277741
2981 0.0000277741
2982 0.0000277741
2983 0.0000362408
2984 0.0001851727
2985 0.0001851762
2986 0.0000277741
2987 0.0000277741
2988 0.0000362413
2989 0.0000277741
2990 0.0001851862
2991 0.0000277741
2992 0.0000277741
2993 0.0000277741
2994 0.0000277741
2995 0.0000277741
2996 0.0000277741
2997 0.0000952281
2998 0.0000952293
2999 0.0003650931
3000 0.0000277741
3001 0.0000483036
3002 0.0000277741
3003 0.0000440553
3004 0.0000766191
3005 0.0000766206
3006 0.0000277741
3007 0.0000277741
3008 0.0000697369
3009 0.0000331032
3010 0.0000888243
3011 0.0000439629
3012 0.0000342569
3013 0.0000364894
3014 0.0000342569
3015 0.0000342569
3016 0.0000860674
3017 0.0000373721
3018 0.0000350261
3019 0.0000350261
3020 0.0000326140
3021 0.0001785786
3022 0.0000267831
3023 0.0001785614
3024 0.0001785636
3025 0.0001785659
3026 0.0000267831
3027 0.0000267831
3028 0.0000267831
3029 0.0000267831
3030 0.0000690683
3031 0.0000358196
3032 0.0001785656
3033 0.0001785690
3034 0.0000267831
3035 0.0000267831
3036 0.0000358201
3037 0.0000267831
3038 0.0000312037
3039 0.0000495493
3040 0.0000267831
3041 0.0000267831
3042 0.0000267831
3043 0.0000267831
3044 0.0000267831
3045 0.0000267831
3046 0.0000267831
3047 0.0000267831
3048 0.0000918303
3049 0.0000918315
3050 0.0003520663
3051 0.0000267831
3052 0.0000267831
3053 0.0000424834
3054 0.0000738853
3055 0.0000738867
3056 0.0000267831
3057 0.0000267831
3058 0.0000690683
3059 0.0000244371
3060 0.0000886781
3061 0.0008855501
3062 0.0000980306
3063 0.0001353508
3064 0.0001353516
3065 0.0001353519
3066 0.0001353522
3067 0.0001353529
3068 0.0001353551
3069 0.0001353624
3070 0.0001353857
3071 0.0001354609
3072 0.0001357026
3073 0.0001389851
3074 0.0001364809
3075 0.0001389859
3076 0.0000980326
3077 0.0001364807
3078 0.0001357026
3079 0.0001354609
3080 0.0001353858
3081 0.0001353625
3082 0.0001353556
3083 0.0001353543
3084 0.0006702581
3085 0.0001003590
3086 0.0001385763
3087 0.0001386009
3088 0.0001386781
3089 0.0001389257
3090 0.0001397224
3091 0.0001422869
3092 0.0001003610
3093 0.0001422862
3094 0.0001397223
3095 0.0001389257
3096 0.0001386782
3097 0.0001386014
3098 0.0001385779
3099 0.0001385715
3100 0.0001385725
3101 0.0008496474
3102 0.0000983249
3103 0.0001357571
3104 0.0001357579
3105 0.0001357584
3106 0.0001357592
3107 0.0001357614
3108 0.0001357687
3109 0.0001357921
3110 0.0001358675
3111 0.0001361100
3112 0.0001368906
3113 0.0001394023
3114 0.0001394031
3115 0.0000983269
3116 0.0001368904
3117 0.0001361099
3118 0.0001358675
3119 0.0001357922
3120 0.0001357689
3121 0.0001357619
3122 0.0001357606
3123 0.0005985943
3124 0.0001015888
3125 0.0001403764
3126 0.0001406277
3127 0.0001414345
3128 0.0001440305
3129 0.0001015908
3130 0.0001440297
3131 0.0001414344
3132 0.0001406281
3133 0.0001403779
3134 0.0001403008
3135 0.0001402790
3136 0.0001402794
3137 0.0001403022
3138 0.0004556026
3139 0.0001055720
3140 0.0001055727
3141 0.0001496778
3142 0.0001469831
3143 0.0001461530
3144 0.0001459178
3145 0.0001459178
3146 0.0001461531
3147 0.0001469838
3148 0.0001496802
3149 0.0005270234
3150 0.0001032395
3151 0.0001437315
3152 0.0001463704
3153 0.0001032414
3154 0.0001463701
3155 0.0001437328
3156 0.0001429141
3157 0.0001426619
3158 0.0001425905
3159 0.0001425906
3160 0.0001426624
3161 0.0001429157
3162 0.0006702581
3163 0.0001003590
3164 0.0001385763
3165 0.0001386009
3166 0.0001386781
3167 0.0001389257
3168 0.0001397224
3169 0.0001422869
3170 0.0001003610
3171 0.0001422862
3172 0.0001397223
3173 0.0001389257
3174 0.0001386782
3175 0.0001386014
3176 0.0001385779
3177 0.0001385715
3178 0.0001385725
3179 0.0011010648
3180 0.0000967115
3181 0.0001335294
3182 0.0001335301
3183 0.0001335304
3184 0.0001335305
3185 0.0001335305
3186 0.0001335305
3187 0.0001335305
3188 0.0001335305
3189 0.0001335306
3190 0.0001335308
3191 0.0001371148
3192 0.0001335315
3193 0.0001335337
3194 0.0001335409
3195 0.0001335639
3196 0.0001336380
3197 0.0001338765
3198 0.0001346443
3199 0.0001371156
3200 0.0000967134
3201 0.0001346441
3202 0.0001338765
3203 0.0001336380
3204 0.0001335639
3205 0.0001335410
3206 0.0001335342
3207 0.0001335329
3208 0.0004556026
3209 0.0001055720
3210 0.0001055727
3211 0.0001496778
3212 0.0001469831
3213 0.0001461530
3214 0.0001459178
3215 0.0001459178
3216 0.0001461531
3217 0.0001469838
3218 0.0001496802
3219 0.0003490525
3220 0.0001116984
3221 0.0001583869
3222 0.0001556181
3223 0.0001550068
3224 0.0001556183
3225 0.0001583877
3226 0.0001117007
3227 0.0004556026
3228 0.0001055720
3229 0.0001055727
3230 0.0001496778
3231 0.0001469831
3232 0.0001461530
3233 0.0001459178
3234 0.0001459178
3235 0.0001461531
3236 0.0001469838
3237 0.0001496802
3238 0.0000322595
3239 0.0005985943
3240 0.0001015888
3241 0.0001403764
3242 0.0001406277
3243 0.0001414345
3244 0.0001440305
3245 0.0001015908
3246 0.0001440297
3247 0.0001414344
3248 0.0001406281
3249 0.0001403779
3250 0.0001403008
3251 0.0001402790
3252 0.0001402794
3253 0.0001403022
3254 0.0000386340
3255 0.0000304570
3256 0.0000304570
3257 0.0000304570
3258 0.0000812963
3259 0.0000322596
3260 0.0000485337
3261 0.0000503261
3262 0.0000503261
3263 0.0000545537
3264 0.0000304571
3265 0.0000304571
3266 0.0000304571
3267 0.0000304571
3268 0.0001171762
3269 0.0001657817
3270 0.0000244371
3271 0.0000244371
3272 0.0000244371
3273 0.0000244371
3274 0.0000244371
3275 0.0000244371
3276 0.0000244371
3277 0.0000346322
3278 0.0000780582
3279 0.0000310946
3280 0.0000728741
3281 0.0000345741
3282 0.0000310946
3283 0.0000728741
3284 0.0000399414
3285 0.0000535443
3286 0.0001105064
3287 0.0000399414
3288 0.0000310946
3289 0.0000728741
3290 0.0000399414
3291 0.0000547032
3292 0.0001113799
3293 0.0000399414
3294 0.0000287868
3295 0.0001501218
3296 0.0000399414
3297 0.0000287868
3298 0.0000732583
3299 0.0000451941
3300 0.0000451941
3301 0.0000451941
3302 0.0001092723
3303 0.0002174396
3304 0.0000538085
3305 0.0000508411
3306 0.0000508411
3307 0.0000508411
3308 0.0000508411
3309 0.0005110324
3310 0.0000329681
3311 0.0000329681
3312 0.0000329681
3313 0.0000677423
3314 0.0000554648
3315 0.0000288694
3316 0.0000451037
3317 0.0000595635
3318 0.0000765225
3319 0.0000378941
3320 0.0000378941
3321 0.0000316644
3322 0.0000550695
3323 0.0002568224
3324 0.0002734010
3325 0.0000316644
3326 0.0000316644
3327 0.0000329681
3328 0.0000273682
3329 0.0000273682
3330 0.0000273682
3331 0.0000273682
3332 0.0000273682
3333 0.0000273682
3334 0.0000360320
3335 0.0000273682
3336 0.0000273682
3337 0.0000273682
3338 0.0000273682
3339 0.0000273682
3340 0.0000273682
3341 0.0000273682
3342 0.0000273682
3343 0.0000273682
3344 0.0000273682
3345 0.0000273682
3346 0.0000273682
3347 0.0000273682
3348 0.0000273682
3349 0.0000554648
3350 0.0000722219
3351 0.0001060876
3352 0.0000677898
3353 0.0000288696
3354 0.0000713503
3355 0.0000586936
3356 0.0000410673
3357 0.0000425305
3358 0.0000636015
3359 0.0000424579
3360 0.0000560742
3361 0.0000862114
3362 0.0000329685
3363 0.0000379971
3364 0.0000805133
3365 0.0000298201
3366 0.0000298201
3367 0.0001136620
3368 0.0000288286
3369 0.0013323937
3370 0.0006951334
3371 0.0003646001
3372 0.0001539217
3373 0.0000884662
3374 0.0000681299
3375 0.0000618116
3376 0.0000598486
3377 0.0000592387
3378 0.0000590492
3379 0.0000589904
3380 0.0000589722
3381 0.0000589668
3382 0.0000589660
3383 0.0000589686
3384 0.0000589786
3385 0.0000590113
3386 0.0000591166
3387 0.0000594556
3388 0.0000605469
3389 0.0000427063
3390 0.0000288286
3391 0.0008639961
3392 0.0004668388
3393 0.0002592196
3394 0.0001221938
3395 0.0000796216
3396 0.0000663958
3397 0.0000622896
3398 0.0000610232
3399 0.0000606601
3400 0.0000606448
3401 0.0000609541
3402 0.0000620607
3403 0.0000437717
3404 0.0000288286
3405 0.0001776915
3406 0.0000906865
3407 0.0000633037
3408 0.0000504527
3409 0.0000475904
3410 0.0000469724
3411 0.0000469262
3412 0.0000473271
3413 0.0000369448
3414 0.0000293378
3415 0.0000293378
3416 0.0000288286
3417 0.0000288286
3418 0.0000288286
3419 0.0000288286
3420 0.0001629380
3421 0.0000865985
3422 0.0000624567
3423 0.0000506362
3424 0.0000480200
3425 0.0000475291
3426 0.0000478352
3427 0.0000373251
3428 0.0000288286
3429 0.0001629380
3430 0.0000865985
3431 0.0000624567
3432 0.0000506362
3433 0.0000480200
3434 0.0000475291
3435 0.0000478352
3436 0.0000373251
3437 0.0000288286
3438 0.0001629380
3439 0.0000865985
3440 0.0000624567
3441 0.0000506362
3442 0.0000480200
3443 0.0000475291
3444 0.0000478352
3445 0.0000373251
3446 0.0000288286
3447 0.0000288286
3448 0.0003111378
3449 0.0001294533
3450 0.0000732658
3451 0.0000511053
3452 0.0000461618
3453 0.0000450590
3454 0.0000448130
3455 0.0000447581
3456 0.0000447458
3457 0.0000447431
3458 0.0000447426
3459 0.0000447426
3460 0.0000447436
3461 0.0000447482
3462 0.0000447688
3463 0.0000448612
3464 0.0000452751
3465 0.0000353480
3466 0.0003229357
3467 0.0000244371
3468 0.0000484337
3469 0.0003229357
3470 0.0002075866
3471 0.0000293378
3472 0.0000288286
3473 0.0000288286
3474 0.0002665811
3475 0.0001163091
3476 0.0000696829
3477 0.0000506328
3478 0.0000463831
3479 0.0000454351
3480 0.0000452236
3481 0.0000451765
3482 0.0000451662
3483 0.0000451649
3484 0.0000451690
3485 0.0000451897
3486 0.0000452828
3487 0.0000457007
3488 0.0000356802
3489 0.0002320948
3490 0.0000288286
3491 0.0000288286
3492 0.0000288286
3493 0.0000288286
3494 0.0000366895
3495 0.0000326140
3496 0.0000839427
3497 0.0000401185
3498 0.0000368983
3499 0.0000368983
3500 0.0000368986
3501 0.0000406373
3502 0.0000326196
3503 0.0000267476
3504 0.0000326197
3505 0.0000267476
3506 0.0000267476
3507 0.0000267476
3508 0.0000267476
3509 0.0000267476
3510 0.0000267476
3511 0.0000267476
3512 0.0000267476
3513 0.0000326197
3514 0.0001783172
3515 0.0001783210
3516 0.0000267477
3517 0.0000603471
3518 0.0000244371
3519 0.0000533860
3520 0.0000264101
3521 0.0000264101
3522 0.0000684892
3523 0.0000264101
3524 0.0000684892
3525 0.0000264101
3526 0.0006520509
3527 0.0002315272
3528 0.0001026062
3529 0.0000566301
3530 0.0000463738
3531 0.0000440858
3532 0.0000435754
3533 0.0000434616
3534 0.0000434362
3535 0.0000434305
3536 0.0000434292
3537 0.0000434289
3538 0.0000434289
3539 0.0000434289
3540 0.0000434289
3541 0.0000434289
3542 0.0000434289
3543 0.0000434289
3544 0.0000434289
3545 0.0000434289
3546 0.0000434289
3547 0.0000434289
3548 0.0000434289
3549 0.0000434289
3550 0.0000434289
3551 0.0000434289
3552 0.0000434289
3553 0.0000434289
3554 0.0000434289
3555 0.0000434289
3556 0.0000434289
3557 0.0000434289
3558 0.0000434289
3559 0.0000434289
3560 0.0000434292
3561 0.0000434301
3562 0.0000434346
3563 0.0000434546
3564 0.0000435442
3565 0.0000439460
3566 0.0000343103
3567 0.0000264101
3568 0.0000684892
3569 0.0000264101
3570 0.0000684892
3571 0.0000264101
3572 0.0000684892
3573 0.0000264101
3574 0.0003692983
3575 0.0001466134
3576 0.0000779460
3577 0.0000517256
3578 0.0000458763
3579 0.0000445714
3580 0.0000442804
3581 0.0000442154
3582 0.0000442009
3583 0.0000441977
3584 0.0000441970
3585 0.0000441968
3586 0.0000441968
3587 0.0000441968
3588 0.0000441968
3589 0.0000441971
3590 0.0000441981
3591 0.0000442026
3592 0.0000442230
3593 0.0000443142
3594 0.0000447230
3595 0.0000349170
3596 0.0000264101
3597 0.0003098292
3598 0.0001289089
3599 0.0000729576
3600 0.0000508904
3601 0.0000459676
3602 0.0000448695
3603 0.0000446245
3604 0.0000445698
3605 0.0000445576
3606 0.0000445549
3607 0.0000445544
3608 0.0000445545
3609 0.0000445555
3610 0.0000445600
3611 0.0000445805
3612 0.0000446725
3613 0.0000450847
3614 0.0000351993
3615 0.0000264101
3616 0.0000684892
3617 0.0000264101
3618 0.0000684892
3619 0.0000264101
3620 0.0000684892
3621 0.0000264101
3622 0.0000376346
3623 0.0000264101
3624 0.0000264101
3625 0.0000264101
3626 0.0000264101
3627 0.0000264101
3628 0.0000440327
3629 0.0000440327
3630 0.0000440327
3631 0.0000440327
3632 0.0000565084
3633 0.0000440327
3634 0.0000440327
3635 0.0000261042
3636 0.0000346322
3637 0.0000746471
3638 0.0001039003
3639 0.0000561629
3640 0.0000379971
3641 0.0000381454
3642 0.0000381454
3643 0.0000483833
3644 0.0000483833
3645 0.0001310373
3646 0.0000483842
3647 0.0000663421
3648 0.0000381460
3649 0.0000661780
3650 0.0001060936
3651 0.0000357098
3652 0.0000357098
3653 0.0000357098
3654 0.0000357098
3655 0.0000357098
3656 0.0000326140
3657 0.0000746471
3658 0.0000244371
3659 0.0000574345
3660 0.0000298616
3661 0.0002701057
3662 0.0000298616
3663 0.0000340919
3664 0.0000298616
3665 0.0000579305
3666 0.0000304145
3667 0.0005824067
3668 0.0000285406
3669 0.0000285406
3670 0.0000487516
3671 0.0000285406
3672 0.0000691877
3673 0.0000447313
3674 0.0000304145
3675 0.0000832316
3676 0.0000366625
3677 0.0000400190
3678 0.0000400190
3679 0.0000432359
3680 0.0000326140
3681 0.0002266851
3682 0.0000479818
3683 0.0001287528
3684 0.0000576679
3685 0.0000390959
3686 0.0000496460
3687 0.0000349871
3688 0.0000390959
3689 0.0000390959
3690 0.0000390959
3691 0.0000346322
3692 0.0000746471
3693 0.0000320937
3694 0.0000320937
3695 0.0000320937
3696 0.0002139880
3697 0.0000320937
3698 0.0000320937
3699 0.0000320937
3700 0.0000320937
3701 0.0000320937
3702 0.0000320937
3703 0.0000746471
3704 0.0001068568
3705 0.0001377550
3706 0.0000439528
3707 0.0000439528
3708 0.0000439528
3709 0.0000439528
3710 0.0000439528
3711 0.0000439528
3712 0.0000479818
3713 0.0001054478
3714 0.0001281177
3715 0.0000692535
3716 0.0011276680
3717 0.0012438323
3718 0.0001419130
3719 0.0002826459
3720 0.0001419130
3721 0.0001419130
3722 0.0001419130
3723 0.0000697023
3724 0.0000326140
3725 0.0000746471
3726 0.0000371274
3727 0.0000371274
3728 0.0000371274
3729 0.0001457560
3730 0.0000326140
3731 0.0000828241
3732 0.0000305291
3733 0.0000564784
3734 0.0000305291
3735 0.0000318487
3736 0.0000348789
3737 0.0000530952
3738 0.0000305292
3739 0.0000305292
3740 0.0000305292
3741 0.0000379411
3742 0.0000305292
3743 0.0000318490
3744 0.0000305292
3745 0.0000326140
3746 0.0001599478
3747 0.0000742383
3748 0.0000985073
3749 0.0001742863
3750 0.0000697914
3751 0.0000401294
3752 0.0000401294
3753 0.0000401294
3754 0.0000366203
3755 0.0001236091
3756 0.0001372559
3757 0.0001761482
3758 0.0001142029
3759 0.0000401294
3760 0.0000697914
3761 0.0000401294
3762 0.0000326140
3763 0.0000807393
3764 0.0000339199
3765 0.0000339199
3766 0.0000260388
3767 0.0000260388
3768 0.0000260388
3769 0.0000260388
3770 0.0000260388
3771 0.0000260388
3772 0.0000260388
3773 0.0000339199
3774 0.0000260389
3775 0.0000260389
3776 0.0000260389
3777 0.0000260389
3778 0.0000260389
3779 0.0000260389
3780 0.0000260389
3781 0.0000260389
3782 0.0000260389
3783 0.0000260389
3784 0.0000260389
3785 0.0000564771
3786 0.0000305284
3787 0.0000339199
3788 0.0000669392
3789 0.0000425983
3790 0.0000305285
3791 0.0000305285
3792 0.0000305285
3793 0.0000400118
3794 0.0000395190
3795 0.0000300357
3796 0.0000300357
3797 0.0000300357
3798 0.0000300357
3799 0.0000305285
3800 0.0000305285
3801 0.0000305285
3802 0.0000264836
3803 0.0000880331
3804 0.0001221375
3805 0.0002579299
3806 0.0000669187
3807 0.0002838968
3808 0.0000244371
3809 0.0000244371
3810 0.0002015295
3811 0.0004634047
3812 0.0002919464
3813 0.0000925191
3814 0.0001262369
3815 0.0000512631
3816 0.0000244371
3817 0.0001484043
3818 0.0000244371
3819 0.0002883856
3820 0.0003340851
3821 0.0000812329
3822 0.0000244371
3823 0.0001629363
3824 0.0000244371
3825 0.0000244371
3826 0.0006578397
3827 0.0000244371
3828 0.0000659811
3829 0.0000244371
3830 0.0000244371
3831 0.0000244371
3832 0.0000244371
3833 0.0000244371
3834 0.0000295357
3835 0.0000295357
3836 0.0000295357
3837 0.0000295357
3838 0.0000295357
3839 0.0000295357
3840 0.0000295357
3841 0.0000295357
3842 0.0000295357
3843 0.0000303051
3844 0.0000588122
3845 0.0000261042
3846 0.0000261042
3847 0.0000261042
3848 0.0000261042
3849 0.0000261042
3850 0.0000431514
3851 0.0000261043
3852 0.0000261043
3853 0.0000261043
3854 0.0000261043
3855 0.0000261043
3856 0.0000261043
3857 0.0000261043
3858 0.0000261043
3859 0.0000261043
3860 0.0000261043
3861 0.0000261043
3862 0.0000261043
3863 0.0000261043
3864 0.0000261043
3865 0.0000274936
3866 0.0000274936
3867 0.0000274936
3868 0.0000274936
3869 0.0000274936
3870 0.0000274936
3871 0.0000274936
3872 0.0000274936
3873 0.0000431514
3874 0.0000274937
3875 0.0000274937
3876 0.0000305500
3877 0.0000431514
3878 0.0000305503
3879 0.0000305503
3880 0.0000305503
3881 0.0000305503
3882 0.0000305503
3883 0.0000290218
3884 0.0000290218
3885 0.0000290218
3886 0.0000290218
3887 0.0000290218
3888 0.0000431514
3889 0.0000290220
3890 0.0000267371
3891 0.0000267371
3892 0.0000267371
3893 0.0000267371
3894 0.0000267371
3895 0.0000378839
3896 0.0000267372
3897 0.0000267372
3898 0.0000263294
3899 0.0000263294
3900 0.0000263294
3901 0.0000333951
3902 0.0000263295
3903 0.0000263295
3904 0.0000263295
3905 0.0000263295
3906 0.0000365960
3907 0.0000294362
3908 0.0000958217
3909 0.0000757905
3910 0.0003787123
3911 0.0000508485
3912 0.0000281786
3913 0.0000244371
3914 0.0000285360
3915 0.0000807462
3916 0.0000380688
3917 0.0000281786
3918 0.0000281786
3919 0.0002158584
3920 0.0001276329
3921 0.0000390664
3922 0.0000286098
3923 0.0003054388
3924 0.0000344228
3925 0.0000344228
3926 0.0000344228
3927 0.0000344228
3928 0.0000344228
3929 0.0000458820
3930 0.0002929564
3931 0.0000344228
3932 0.0000344228
3933 0.0000344228
3934 0.0000286098
3935 0.0001329708
3936 0.0000526941
3937 0.0000735273
3938 0.0000735273
3939 0.0002295171
3940 0.0000344228
3941 0.0000344228
3942 0.0000344228
3943 0.0000344228
3944 0.0000344228
3945 0.0000344228
3946 0.0000286098
3947 0.0000808901
3948 0.0002393449
3949 0.0002393449
3950 0.0002393449
3951 0.0002393449
3952 0.0000344228
3953 0.0000344228
3954 0.0000598668
3955 0.0000344228
3956 0.0000286098
3957 0.0000286098
3958 0.0000286098
3959 0.0000286098
3960 0.0000286098
3961 0.0000286098
3962 0.0001241163
3963 0.0000286098
3964 0.0000559263
3965 0.0000286098
3966 0.0000305168
3967 0.0000365960
3968 0.0000559263
3969 0.0000305168
3970 0.0000426757
3971 0.0000363301
3972 0.0000286098
3973 0.0000286098
3974 0.0000709043
3975 0.0000949098
3976 0.0000286098
3977 0.0000286098
3978 0.0000286098
3979 0.0000949365
3980 0.0000286098
3981 0.0000286098
3982 0.0000344228
3983 0.0000286098
3984 0.0000286098
3985 0.0000385955
3986 0.0000286098
3987 0.0000286098
3988 0.0004187282
3989 0.0000431516
3990 0.0000244371
3991 0.0000979239
3992 0.0001241163
3993 0.0000925191
3994 0.0004801190
3995 0.0000321765
3996 0.0000798961
3997 0.0000923504
3998 0.0000577603
3999 0.0000392046
4000 0.0000392046
4001 0.0000577603
4002 0.0000392046
4003 0.0000267065
4004 0.0000684139
4005 0.0002627417
4006 0.0000267066
4007 0.0000807651
4008 0.0000470317
4009 0.0000267066
4010 0.0000684139
4011 0.0000267066
4012 0.0000684139
4013 0.0000477422
4014 0.0000862947
4015 0.0000267066
4016 0.0000707711
4017 0.0000930224
4018 0.0001251366
4019 0.0001088490
4020 0.0001526692
4021 0.0000267066
4022 0.0000795085
4023 0.0000267066
4024 0.0000684139
4025 0.0000730660
4026 0.0001305982
4027 0.0000793512
4028 0.0000383165
4029 0.0001431702
4030 0.0000365799
4031 0.0000376176
4032 0.0000285863
4033 0.0000703645
4034 0.0000864541
4035 0.0000285863
4036 0.0000703645
4037 0.0000285863
4038 0.0000703645
4039 0.0000267066
4040 0.0000785447
4041 0.0000244371
4042 0.0001604958
4043 0.0003541789
4044 0.0001517132
4045 0.0000344802
4046 0.0000867423
4047 0.0000267066
4048 0.0000684139
4049 0.0000377259
4050 0.0000812979
4051 0.0000267066
4052 0.0000700812
4053 0.0000840075
4054 0.0000244371
4055 0.0000285863
4056 0.0004306875
4057 0.0000267066
4058 0.0000684139
4059 0.0000267066
4060 0.0000707711
4061 0.0000285863
4062 0.0000703645
4063 0.0000392047
4064 0.0000807118
4065 0.0000776493
4066 0.0000244371
4067 0.0000267066
4068 0.0000684139
4069 0.0001368058
4070 0.0002247087
4071 0.0000483129
4072 0.0000483129
4073 0.0000483129
4074 0.0003221309
4075 0.0000982676
4076 0.0001430088
4077 0.0001196270
4078 0.0001645175
4079 0.0000267066
4080 0.0000684139
4081 0.0000285863
4082 0.0000703645
4083 0.0000401963
4084 0.0000827746
4085 0.0000267066
4086 0.0000684139
4087 0.0000267066
4088 0.0000684139
4089 0.0000285863
4090 0.0000702384
4091 0.0001104671
4092 0.0002554790
4093 0.0000267066
4094 0.0000684139
4095 0.0000313583
4096 0.0001494447
4097 0.0000642478
4098 0.0000748728
4099 0.0001885950
4100 0.0000564990
4101 0.0002643327
4102 0.0004890302
4103 0.0000267066
4104 0.0000928862
4105 0.0000445734
4106 0.0000280777
4107 0.0000892947
4108 0.0000285360
4109 0.0000658181
4110 0.0000546626
4111 0.0000546626
4112 0.0000546626
4113 0.0000314304
4114 0.0000314304
4115 0.0000346848
4116 0.0000769358
4117 0.0000462948
4118 0.0001394926
4119 0.0000316621
4120 0.0000286718
4121 0.0000600948
4122 0.0000286718
4123 0.0000402230
4124 0.0001115979
4125 0.0001652554
4126 0.0001297164
4127 0.0000543599
4128 0.0000505476
4129 0.0001093161
4130 0.0000682285
4131 0.0001452167
4132 0.0001123844
4133 0.0000400075
4134 0.0000286718
4135 0.0000286718
4136 0.0000900864
4137 0.0001592752
4138 0.0000267066
4139 0.0000684139
4140 0.0007383009
4141 0.0000870940
4142 0.0001222233
4143 0.0000725964
4144 0.0001115596
4145 0.0000285863
4146 0.0000703645
4147 0.0000285863
4148 0.0000703645
4149 0.0000267066
4150 0.0001364960
4151 0.0000631119
4152 0.0000467685
4153 0.0000858198
4154 0.0000267066
4155 0.0000893829
4156 0.0000285863
4157 0.0000267066
4158 0.0000684139
4159 0.0000267066
4160 0.0000809120
4161 0.0000285863
4162 0.0000285863
4163 0.0001607310
4164 0.0000864541
4165 0.0000893331
4166 0.0002400878
4167 0.0000864541
4168 0.0000267066
4169 0.0000707712
4170 0.0000394763
4171 0.0000394763
4172 0.0000267066
4173 0.0000684139
4174 0.0000267066
4175 0.0000684139
4176 0.0000908769
4177 0.0001360498
4178 0.0001525940
4179 0.0000267066
4180 0.0000707712
4181 0.0000285864
4182 0.0001003503
4183 0.0000285864
4184 0.0001003503
4185 0.0000561792
4186 0.0000962120
4187 0.0000584556
4188 0.0000420508
4189 0.0000363518
4190 0.0000363518
4191 0.0001612453
4192 0.0002117408
4193 0.0000285864
4194 0.0000267066
4195 0.0001132831
4196 0.0002913448
4197 0.0000436957
4198 0.0000267066
4199 0.0000684139
4200 0.0001171665
4201 0.0001596749
4202 0.0001955527
4203 0.0000677805
4204 0.0001036804
4205 0.0000267066
4206 0.0000742298
4207 0.0000267066
4208 0.0001214729
4209 0.0000502507
4210 0.0000267066
4211 0.0000285864
4212 0.0001161522
4213 0.0000707712
4214 0.0000267066
4215 0.0000684139
4216 0.0000862262
4217 0.0001325298
4218 0.0000614066
4219 0.0000994882
4220 0.0001775681
4221 0.0000697827
4222 0.0000632864
4223 0.0001037962
4224 0.0001192222
4225 0.0000420549
4226 0.0000396726
4227 0.0000267066
4228 0.0000684139
4229 0.0001031339
4230 0.0002501200
4231 0.0000381958
4232 0.0000892219
4233 0.0000267066
4234 0.0000684139
4235 0.0000267066
4236 0.0002743627
4237 0.0004220989
4238 0.0001253826
4239 0.0001011018
4240 0.0001216218
4241 0.0001933077
4242 0.0001336464
4243 0.0001313324
4244 0.0001797001
4245 0.0001779234
4246 0.0003009165
4247 0.0002293346
4248 0.0004432870
4249 0.0000633061
4250 0.0001080877
4251 0.0005763300
4252 0.0002116033
4253 0.0000996090
4254 0.0000588905
4255 0.0000498071
4256 0.0000477807
4257 0.0000473287
4258 0.0000472278
4259 0.0000472053
4260 0.0000472003
4261 0.0000471992
4262 0.0000471990
4263 0.0000471989
4264 0.0000471989
4265 0.0000471989
4266 0.0000471989
4267 0.0000471989
4268 0.0000471989
4269 0.0000471989
4270 0.0000471989
4271 0.0000471989
4272 0.0000471989
4273 0.0000471989
4274 0.0000471989
4275 0.0000471989
4276 0.0000471990
4277 0.0000471992
4278 0.0000472003
4279 0.0000472051
4280 0.0000472268
4281 0.0000473243
4282 0.0000477609
4283 0.0000372888
4284 0.0000267066
4285 0.0000392047
4286 0.0000807119
4287 0.0000381584
4288 0.0000684139
4289 0.0000313584
4290 0.0000956084
4291 0.0000925191
4292 0.0000267066
4293 0.0000684139
4294 0.0000267066
4295 0.0000684139
4296 0.0000462190
4297 0.0001062587
4298 0.0000649407
4299 0.0000373402
4300 0.0002715343
4301 0.0003434480
4302 0.0001692020
4303 0.0002115895
4304 0.0000267066
4305 0.0000684139
4306 0.0000701778
4307 0.0000703382
4308 0.0001154695
4309 0.0001225885
4310 0.0002680976
4311 0.0000244371
4312 0.0000925191
4313 0.0004280450
4314 0.0000354046
4315 0.0001220360
4316 0.0002685264
4317 0.0002667027
4318 0.0001507551
4319 0.0001385636
4320 0.0000254679
4321 0.0001363554
4322 0.0001868331
4323 0.0001781520
4324 0.0001738943
4325 0.0001718064
4326 0.0001707830
4327 0.0001702823
4328 0.0001700394
4329 0.0001699255
4330 0.0001698805
4331 0.0001698805
4332 0.0001699255
4333 0.0001700394
4334 0.0001702823
4335 0.0001707830
4336 0.0001718065
4337 0.0001738948
4338 0.0001781533
4339 0.0001868366
4340 0.0001363611
4341 0.0000244371
4342 0.0001344236
4343 0.0001841861
4344 0.0001756279
4345 0.0001714304
4346 0.0001693716
4347 0.0001683619
4348 0.0001678667
4349 0.0001676238
4350 0.0001675047
4351 0.0001674462
4352 0.0001674176
4353 0.0001674036
4354 0.0001673968
4355 0.0001673936
4356 0.0001673924
4357 0.0001673924
4358 0.0001673936
4359 0.0001673968
4360 0.0001674036
4361 0.0001674176
4362 0.0001674462
4363 0.0001675046
4364 0.0001676238
4365 0.0001678667
4366 0.0001683619
4367 0.0001693718
4368 0.0001714308
4369 0.0001756292
4370 0.0001841895
4371 0.0001344293
4372 0.0000293249
4373 0.0001751729
4374 0.0000925191
4375 0.0003774116
4376 0.0000779050
4377 0.0002162634
4378 0.0006008938
4379 0.0001250353
4380 0.0002589526
4381 0.0000373850
4382 0.0000373850
4383 0.0000373850
4384 0.0000373850
4385 0.0000373850
4386 0.0000373850
4387 0.0000373850
4388 0.0000373850
4389 0.0000373850
4390 0.0000883412
4391 0.0006842642
4392 0.0001019513
4393 0.0002459937
4394 0.0001076745
4395 0.0001489628
4396 0.0000816577
4397 0.0001224341
4398 0.0000948313
4399 0.0001550834
4400 0.0001146138
4401 0.0001553976
4402 0.0000929374
4403 0.0001343698
4404 0.0000580850
4405 0.0001267431
4406 0.0000468078
4407 0.0000876264
4408 0.0000343835
4409 0.0000658440
4410 0.0001239891
4411 0.0000468078
4412 0.0000876264
4413 0.0000599819
4414 0.0001014069
4415 0.0000828349
4416 0.0001255618
4417 0.0000468078
4418 0.0000692925
4419 0.0001115282
4420 0.0000468078
4421 0.0000876264
4422 0.0000454727
4423 0.0000888274
4424 0.0000454727
4425 0.0000888274
4426 0.0000454727
4427 0.0000888274
4428 0.0000343840
4429 0.0000890265
4430 0.0001470425
4431 0.0002014765
4432 0.0001921148
4433 0.0001875233
4434 0.0001852714
4435 0.0001841670
4436 0.0001836254
4437 0.0001833602
4438 0.0001832308
4439 0.0001831687
4440 0.0001831410
4441 0.0001831332
4442 0.0001831410
4443 0.0001831687
4444 0.0001832307
4445 0.0001833602
4446 0.0001836254
4447 0.0001841670
4448 0.0001852715
4449 0.0001875238
4450 0.0001921162
4451 0.0002014802
4452 0.0001470487
4453 0.0000294027
4454 0.0001532659
4455 0.0025367152
4456 0.0003240253
4457 0.0002828826
4458 0.0000244371
4459 0.0001549733
4460 0.0003074029
4461 0.0002236320
4462 0.0003572968
4463 0.0000557667
4464 0.0000557667
4465 0.0000481385
4466 0.0000557669
4467 0.0000557669
4468 0.0001244025
4469 0.0000557669
4470 0.0000599163
4471 0.0001015058
4472 0.0000557669
4473 0.0000402381
4474 0.0000402381
4475 0.0002682910
4476 0.0000557669
4477 0.0000971222
4478 0.0002301381
4479 0.0006258109
4480 0.0001005701
4481 0.0000925191
4482 0.0001999177
4483 0.0002362867
4484 0.0045533931
4485 0.0001118760
4486 0.0000584066
4487 0.0001931705
4488 0.0000600780
4489 0.0000591056
4490 0.0001631496
4491 0.0000864566
4492 0.0000864566
4493 0.0000619329
4494 0.0004411367
4495 0.0003934691
4496 0.0001403022
4497 0.0001517718
4498 0.0001313461
4499 0.0000780746
4500 0.0002472735
4501 0.0000925191
4502 0.0001262369
4503 0.0000498570
4504 0.0001429149
4505 0.0000925191
4506 0.0001262369
4507 0.0000964607
4508 0.0000864566
4509 0.0000540567
4510 0.0000988299
4511 0.0000583654
4512 0.0001805810
4513 0.0000745209
4514 0.0001767700
4515 0.0000971344
4516 0.0003421120
4517 0.0004493818
4518 0.0000851865
4519 0.0000680671
4520 0.0002566525
4521 0.0000575000
4522 0.0002333903
4523 0.0002130042
4524 0.0002150039
4525 0.0002353879
4526 0.0000587376
4527 0.0001210633
4528 0.0000336229
4529 0.0000864569
4530 0.0000758881
4531 0.0001210637
4532 0.0000864569
4533 0.0000864569
4534 0.0001503625
4535 0.0000864569
4536 0.0000864569
4537 0.0000864569
4538 0.0000864569
4539 0.0000979239
4540 0.0000864569
4541 0.0000864569
4542 0.0000864569
4543 0.0000864569
4544 0.0000864569
4545 0.0000864569
4546 0.0000864569
4547 0.0000429012
4548 0.0000429012
4549 0.0001086146
4550 0.0000360728
4551 0.0000765118
4552 0.0000864569
4553 0.0000465948
4554 0.0001303423
4555 0.0000722217
4556 0.0001257489
4557 0.0000409098
4558 0.0001045948
4559 0.0000244371
4560 0.0000373643
4561 0.0001761912
4562 0.0000268300
4563 0.0000394137
4564 0.0000394137
4565 0.0001229637
4566 0.0002159263
4567 0.0000427912
4568 0.0000836144
4569 0.0000427912
4570 0.0000960358
4571 0.0002176181
4572 0.0001890674
4573 0.0000632165
4574 0.0000298106
4575 0.0000298106
4576 0.0000298106
4577 0.0000298106
4578 0.0000298106
4579 0.0000298106
4580 0.0000298106
4581 0.0000298106
4582 0.0001987648
4583 0.0000298106
4584 0.0000445260
4585 0.0000622851
4586 0.0000445260
4587 0.0000445260
4588 0.0000960358
4589 0.0002793750
4590 0.0001215843
4591 0.0000949098
4592 0.0000925191
4593 0.0002294329
4594 0.0000244371
4595 0.0000925191
4596 0.0002305139
4597 0.0000383369
4598 0.0000383369
4599 0.0000383369
4600 0.0000383369
4601 0.0000696927
4602 0.0001597289
4603 0.0001671714
4604 0.0002203590
4605 0.0001144719
4606 0.0002391585
4607 0.0003964770
4608 0.0004907353
4609 0.0009635560
4610 0.0001298992
4611 0.0000681667
4612 0.0001736289
4613 0.0000925191
4614 0.0002179698
4615 0.0003047560
4616 0.0001629363
4617 0.0003899416
4618 0.0000244371
4619 0.0000659811
4620 0.0000244371
4621 0.0000407442
4622 0.0000986390
4623 0.0000291012
4624 0.0000968729
4625 0.0000384113
4626 0.0000291012
4627 0.0000384113
4628 0.0000353200
4629 0.0000384113
4630 0.0000291014
4631 0.0000291014
4632 0.0000549962
4633 0.0000447512
4634 0.0000797330
4635 0.0002712973
4636 0.0001629363
4637 0.0002298570
4638 0.0000375541
4639 0.0000803356
4640 0.0000375541
4641 0.0015499907
4642 0.0015368880
4643 0.0004758571
4644 0.0001624450
4645 0.0000930624
4646 0.0000812804
4647 0.0000792796
4648 0.0000789399
4649 0.0000788822
4650 0.0000788724
4651 0.0000788707
4652 0.0000788704
4653 0.0000788704
4654 0.0000788704
4655 0.0000788704
4656 0.0000788704
4657 0.0000788704
4658 0.0000788704
4659 0.0000788704
4660 0.0000788704
4661 0.0000788704
4662 0.0000788704
4663 0.0000788704
4664 0.0000788704
4665 0.0000788704
4666 0.0000788704
4667 0.0000788704
4668 0.0000788704
4669 0.0000788704
4670 0.0000788704
4671 0.0000788704
4672 0.0000788704
4673 0.0000788704
4674 0.0000788704
4675 0.0000788704
4676 0.0000788704
4677 0.0000788704
4678 0.0000788704
4679 0.0000788704
4680 0.0000788704
4681 0.0000788704
4682 0.0000788704
4683 0.0000788704
4684 0.0000788704
4685 0.0000788704
4686 0.0000788704
4687 0.0000788704
4688 0.0000788704
4689 0.0000788704
4690 0.0000788704
4691 0.0000788704
4692 0.0000788704
4693 0.0000788704
4694 0.0000788707
4695 0.0000788724
4696 0.0000788822
4697 0.0000789399
4698 0.0000792795
4699 0.0000812800
4700 0.0000930610
4701 0.0001624406
4702 0.0004758534
4703 0.0015369395
4704 0.0000375541
4705 0.0000375541
4706 0.0014329267
4707 0.0014198230
4708 0.0004449359
4709 0.0001562700
4710 0.0000921397
4711 0.0000812496
4712 0.0000794003
4713 0.0000790863
4714 0.0000790330
4715 0.0000790239
4716 0.0000790224
4717 0.0000790221
4718 0.0000790221
4719 0.0000790221
4720 0.0000790221
4721 0.0000790221
4722 0.0000790221
4723 0.0000790221
4724 0.0000790221
4725 0.0000790221
4726 0.0000790221
4727 0.0000790221
4728 0.0000790221
4729 0.0000790221
4730 0.0000790221
4731 0.0000790221
4732 0.0000790221
4733 0.0000790221
4734 0.0000790221
4735 0.0000790221
4736 0.0000790221
4737 0.0000790221
4738 0.0000790221
4739 0.0000790221
4740 0.0000790221
4741 0.0000790221
4742 0.0000790221
4743 0.0000790221
4744 0.0000790221
4745 0.0000790221
4746 0.0000790221
4747 0.0000790221
4748 0.0000790221
4749 0.0000790221
4750 0.0000790221
4751 0.0000790221
4752 0.0000790221
4753 0.0000790221
4754 0.0000790224
4755 0.0000790239
4756 0.0000790330
4757 0.0000790863
4758 0.0000794003
4759 0.0000812493
4760 0.0000921385
4761 0.0001562659
4762 0.0004449324
4763 0.0014198704
4764 0.0014135190
4765 0.0014004151
4766 0.0004399066
4767 0.0001553592
4768 0.0000920991
4769 0.0000813568
4770 0.0000795326
4771 0.0000792228
4772 0.0000791702
4773 0.0000791613
4774 0.0000791598
4775 0.0000791595
4776 0.0000791595
4777 0.0000791595
4778 0.0000791595
4779 0.0000791595
4780 0.0000791595
4781 0.0000791595
4782 0.0000791595
4783 0.0000791595
4784 0.0000791595
4785 0.0000791595
4786 0.0000791595
4787 0.0000791595
4788 0.0000791595
4789 0.0000791599
4790 0.0000791619
4791 0.0000791740
4792 0.0000792449
4793 0.0000796629
4794 0.0000684367
4795 0.0000684361
4796 0.0000796628
4797 0.0000792449
4798 0.0000791740
4799 0.0000791619
4800 0.0000791599
4801 0.0000791595
4802 0.0000791595
4803 0.0000791595
4804 0.0000791595
4805 0.0000791595
4806 0.0000791595
4807 0.0000791595
4808 0.0000791595
4809 0.0000791595
4810 0.0000791595
4811 0.0000791598
4812 0.0000791613
4813 0.0000791702
4814 0.0000792228
4815 0.0000795325
4816 0.0000813565
4817 0.0000920979
4818 0.0001553552
4819 0.0004399032
4820 0.0014004618
4821 0.0001388887
4822 0.0001287683
4823 0.0000244371
4824 0.0005374189
4825 0.0005866207
4826 0.0002904058
4827 0.0001641220
4828 0.0001269658
4829 0.0001186528
4830 0.0001167526
4831 0.0001164157
4832 0.0001168797
4833 0.0001198502
4834 0.0001369363
4835 0.0002080557
4836 0.0004690347
4837 0.0005418765
4838 0.0002471711
4839 0.0001320343
4840 0.0000829859
4841 0.0000709344
4842 0.0000680210
4843 0.0000674489
4844 0.0000678624
4845 0.0000701152
4846 0.0000786061
4847 0.0001065473
4848 0.0001268168
4849 0.0001412739
4850 0.0002796786
4851 0.0005538012
4852 0.0002123398
4853 0.0001072533
4854 0.0000680211
4855 0.0000592691
4856 0.0000573167
4857 0.0000568812
4858 0.0000567840
4859 0.0000567624
4860 0.0000567575
4861 0.0000567565
4862 0.0000567562
4863 0.0000567562
4864 0.0000567562
4865 0.0000567561
4866 0.0000567561
4867 0.0000567562
4868 0.0000567562
4869 0.0000567562
4870 0.0000567565
4871 0.0000567578
4872 0.0000567636
4873 0.0000567898
4874 0.0000569069
4875 0.0000574320
4876 0.0000448393
4877 0.0001412739
4878 0.0001731984
4879 0.0003162041
4880 0.0001436620
4881 0.0000899581
4882 0.0000672951
4883 0.0000622395
4884 0.0000611117
4885 0.0000608604
4886 0.0000608057
4887 0.0000607994
4888 0.0000608246
4889 0.0000609494
4890 0.0000615117
4891 0.0000480245
4892 0.0000290890
4893 0.0000708357
4894 0.0001376951
4895 0.0001886687
4896 0.0001799022
4897 0.0001756025
4898 0.0001734937
4899 0.0001724594
4900 0.0001719521
4901 0.0001717033
4902 0.0001715812
4903 0.0001715214
4904 0.0001714920
4905 0.0001714776
4906 0.0001714706
4907 0.0001714671
4908 0.0001714654
4909 0.0001714646
4910 0.0001714642
4911 0.0001714640
4912 0.0001714639
4913 0.0001714638
4914 0.0001714638
4915 0.0001714638
4916 0.0001714638
4917 0.0001714638
4918 0.0001714638
4919 0.0001714638
4920 0.0001714638
4921 0.0001714639
4922 0.0001714640
4923 0.0001714642
4924 0.0001714646
4925 0.0001714654
4926 0.0001714671
4927 0.0001714706
4928 0.0001714776
4929 0.0001714920
4930 0.0001715214
4931 0.0001715812
4932 0.0001717033
4933 0.0001719521
4934 0.0001724594
4935 0.0001734938
4936 0.0001756030
4937 0.0001799035
4938 0.0001886722
4939 0.0001377009
4940 0.0000290890
4941 0.0000708357
4942 0.0001419524
4943 0.0001945020
4944 0.0001854645
4945 0.0001810319
4946 0.0001788578
4947 0.0001777916
4948 0.0001772686
4949 0.0001770121
4950 0.0001768863
4951 0.0001768247
4952 0.0001767945
4953 0.0001767799
4954 0.0001767730
4955 0.0001767703
4956 0.0001767703
4957 0.0001767730
4958 0.0001767799
4959 0.0001767945
4960 0.0001768247
4961 0.0001768863
4962 0.0001770121
4963 0.0001772686
4964 0.0001777916
4965 0.0001788580
4966 0.0001810323
4967 0.0001854658
4968 0.0001945056
4969 0.0001419584
4970 0.0000290890
4971 0.0001329217
4972 0.0000809302
4973 0.0000381955
4974 0.0000381955
4975 0.0000381955
4976 0.0000381955
4977 0.0000381955
4978 0.0000697827
4979 0.0001128077
4980 0.0001161351
4981 0.0001725243
4982 0.0000926915
4983 0.0000404185
4984 0.0000429020
4985 0.0000429020
4986 0.0001241163
4987 0.0000731918
4988 0.0003257953
4989 0.0000705925
4990 0.0000766140
4991 0.0001227718
4992 0.0000705925
4993 0.0000523255
4994 0.0000244371
4995 0.0003400833
4996 0.0000244371
4997 0.0000287869
4998 0.0000244371
4999 0.0000258081
5000 0.0001203933
5001 0.0000597509
5002 0.0001698231
5003 0.0000326812
5004 0.0000326812
5005 0.0000244371
5006 0.0000244371
5007 0.0000721242
5008 0.0000484959
5009 0.0000326812
5010 0.0000303257
5011 0.0000484959
5012 0.0000522155
5013 0.0000326812
5014 0.0000484959
5015 0.0000484959
5016 0.0000484959
5017 0.0000303260
5018 0.0000303260
5019 0.0000326816
5020 0.0001003866
5021 0.0017504338
5022 0.0012342457
5023 0.0005347629
5024 0.0002092501
5025 0.0001138691
5026 0.0000859207
5027 0.0000777314
5028 0.0000753318
5029 0.0000746286
5030 0.0000744226
5031 0.0000743622
5032 0.0000743445
5033 0.0000743393
5034 0.0000743378
5035 0.0000743374
5036 0.0000743373
5037 0.0000743372
5038 0.0000743372
5039 0.0000743372
5040 0.0000743372
5041 0.0000743372
5042 0.0000743372
5043 0.0000743372
5044 0.0000743373
5045 0.0000743375
5046 0.0000743383
5047 0.0000743409
5048 0.0000743499
5049 0.0000743804
5050 0.0000744848
5051 0.0000748409
5052 0.0000760561
5053 0.0000601528
5054 0.0000561037
5055 0.0000303260
5056 0.0000551735
5057 0.0000322535
5058 0.0000477495
5059 0.0000322535
5060 0.0000322535
5061 0.0000360728
5062 0.0000459616
5063 0.0000459616
5064 0.0000397677
5065 0.0000360728
5066 0.0000516000
5067 0.0005230153
5068 0.0000322535
5069 0.0000426193
5070 0.0000862765
5071 0.0002820080
5072 0.0003598879
5073 0.0000565089
5074 0.0000592211
5075 0.0000738086
5076 0.0000814230
5077 0.0001144203
5078 0.0000814230
5079 0.0002061034
5080 0.0000440335
5081 0.0000814230
5082 0.0001144203
5083 0.0001047786
5084 0.0000814235
5085 0.0000738091
5086 0.0001144207
5087 0.0000337795
5088 0.0000972134
5089 0.0001984674
5090 0.0000244371
5091 0.0000244371
5092 0.0000346641
5093 0.0001338590
5094 0.0002574685
5095 0.0002283907
5096 0.0002283956
5097 0.0000244371
5098 0.0000244371
5099 0.0000244371
5100 0.0001354217
5101 0.0000883977
5102 0.0001442370
5103 0.0000424393
5104 0.0000604416
5105 0.0000423591
5106 0.0000423591
5107 0.0000424401
5108 0.0000423591
5109 0.0000604416
5110 0.0000423591
5111 0.0000423591
5112 0.0000423591
5113 0.0002532921
5114 0.0000436957
5115 0.0002599094
5116 0.0000244371
5117 0.0000244371
5118 0.0000295941
5119 0.0006517946
5120 0.0000453092
5121 0.0000837228
5122 0.0000305355
5123 0.0000944551
5124 0.0000404948
5125 0.0000404948
5126 0.0001023644
5127 0.0000840008
5128 0.0000404948
5129 0.0000359104
5130 0.0000359104
5131 0.0000359104
5132 0.0000404948
5133 0.0002065787
5134 0.0006413608
5135 0.0001023185
5136 0.0001326754
5137 0.0000357147
5138 0.0001023185
5139 0.0000461803
5140 0.0000461803
5141 0.0000461803
5142 0.0000244371
5143 0.0006304804
5144 0.0000780292
5145 0.0000780292
5146 0.0000780292
5147 0.0000780292
5148 0.0000780292
5149 0.0000780292
5150 0.0000780292
5151 0.0001503498
5152 0.0004254235
5153 0.0000967608
5154 0.0000967608
5155 0.0000967608
5156 0.0001919509
5157 0.0000570695
5158 0.0003805161
5159 0.0003805161
5160 0.0000401969
5161 0.0003617642
5162 0.0000859298
5163 0.0000723459
5164 0.0001148225
5165 0.0000413476
5166 0.0001429810
5167 0.0000333892
5168 0.0000344342
5169 0.0000610728
5170 0.0000318532
5171 0.0000589279
5172 0.0000318532
5173 0.0000318532
5174 0.0000318532
5175 0.0000318532
5176 0.0000318532
5177 0.0001900787
5178 0.0001812224
5179 0.0003382175
5180 0.0009354096
5181 0.0000270944
5182 0.0000270944
5183 0.0000270944
5184 0.0000270944
5185 0.0000270944
5186 0.0000270944
5187 0.0000270944
5188 0.0000270944
5189 0.0000270944
5190 0.0000270944
5191 0.0000270944
5192 0.0000270944
5193 0.0000562740
5194 0.0000270945
5195 0.0000270945
5196 0.0000346322
5197 0.0000746471
5198 0.0000392584
5199 0.0001080355
5200 0.0004172394
5201 0.0000558916
5202 0.0000430818
5203 0.0000438709
5204 0.0000438709
5205 0.0001480243
5206 0.0001600465
5207 0.0000438717
5208 0.0000438717
5209 0.0001639932
5210 0.0000430826
5211 0.0014763940
5212 0.0024853157
5213 0.0000425844
5214 0.0011611513
5215 0.0011912601
5216 0.0004352285
5217 0.0002031351
5218 0.0001189962
5219 0.0001002264
5220 0.0000960393
5221 0.0000951052
5222 0.0000948969
5223 0.0000948504
5224 0.0000948400
5225 0.0000948377
5226 0.0000948372
5227 0.0000948371
5228 0.0000948370
5229 0.0000948370
5230 0.0000948370
5231 0.0000948370
5232 0.0000948370
5233 0.0000948370
5234 0.0000948370
5235 0.0000948370
5236 0.0000948370
5237 0.0000948370
5238 0.0000948370
5239 0.0000948370
5240 0.0000948371
5241 0.0000948372
5242 0.0000948376
5243 0.0000948398
5244 0.0000948496
5245 0.0000948932
5246 0.0000950889
5247 0.0000959663
5248 0.0000749245
5249 0.0010807220
5250 0.0000244371
5251 0.0000867257
5252 0.0020986982
5253 0.0010723554
5254 0.0005422911
5255 0.0002110211
5256 0.0001080991
5257 0.0000761223
5258 0.0000661875
5259 0.0000631009
5260 0.0000621419
5261 0.0000618439
5262 0.0000617513
5263 0.0000617226
5264 0.0000617137
5265 0.0000617109
5266 0.0000617100
5267 0.0000617097
5268 0.0000617097
5269 0.0000617096
5270 0.0000617096
5271 0.0000617096
5272 0.0000617096
5273 0.0000617097
5274 0.0000617098
5275 0.0000617101
5276 0.0000617111
5277 0.0000617144
5278 0.0000617251
5279 0.0000617593
5280 0.0000618695
5281 0.0000622244
5282 0.0000633664
5283 0.0000446950
5284 0.0000244371
5285 0.0000659811
5286 0.0021722738
5287 0.0011072896
5288 0.0005575310
5289 0.0002147155
5290 0.0001082063
5291 0.0000751151
5292 0.0000648340
5293 0.0000616398
5294 0.0000606474
5295 0.0000603390
5296 0.0000602432
5297 0.0000602135
5298 0.0000602042
5299 0.0000602014
5300 0.0000602005
5301 0.0000602002
5302 0.0000602001
5303 0.0000602001
5304 0.0000602001
5305 0.0000602001
5306 0.0000602001
5307 0.0000602001
5308 0.0000602001
5309 0.0000602001
5310 0.0000602002
5311 0.0000602005
5312 0.0000602015
5313 0.0000602047
5314 0.0000602151
5315 0.0000602485
5316 0.0000603561
5317 0.0000607022
5318 0.0000618163
5319 0.0000436017
5320 0.0000244371
5321 0.0000659811
5322 0.0003291487
5323 0.0003437550
5324 0.0001250391
5325 0.0000761741
5326 0.0000621344
5327 0.0000596743
5328 0.0000592432
5329 0.0000591677
5330 0.0000591544
5331 0.0000591521
5332 0.0000591517
5333 0.0000591516
5334 0.0000591516
5335 0.0000591516
5336 0.0000591516
5337 0.0000591516
5338 0.0000591517
5339 0.0000591520
5340 0.0000591538
5341 0.0000591640
5342 0.0000592224
5343 0.0000595554
5344 0.0000491647
5345 0.0000285079
5346 0.0003176651
5347 0.0009406945
5348 0.0000736151
5349 0.0001758963
5350 0.0000878693
5351 0.0002383974
5352 0.0001354225
5353 0.0000649656
5354 0.0000649656
5355 0.0000760100
5356 0.0001243786
5357 0.0000428444
5358 0.0000736152
5359 0.0006397187
5360 0.0000632781
5361 0.0000632781
5362 0.0000632781
5363 0.0000632781
5364 0.0001271443
5365 0.0001337356
5366 0.0000948946
5367 0.0000632781
5368 0.0000632781
5369 0.0001208341
5370 0.0000632781
5371 0.0001261794
5372 0.0001226912
5373 0.0001579326
5374 0.0000632781
5375 0.0001623857
5376 0.0000632781
5377 0.0000838501
5378 0.0000736152
5379 0.0000428444
5380 0.0004318403
5381 0.0005307167
5382 0.0000591386
5383 0.0000591386
5384 0.0000970567
5385 0.0000591386
5386 0.0001094077
5387 0.0001587849
5388 0.0003128860
5389 0.0003128880
5390 0.0003128900
5391 0.0003128920
5392 0.0003128940
5393 0.0003128960
5394 0.0000285079
5395 0.0002544300
5396 0.0003970110
5397 0.0000629221
5398 0.0000422654
5399 0.0000432875
5400 0.0017512842
5401 0.0012314953
5402 0.0005307870
5403 0.0002051837
5404 0.0001097762
5405 0.0000818201
5406 0.0000736284
5407 0.0000712281
5408 0.0000705248
5409 0.0000703187
5410 0.0000702583
5411 0.0000702406
5412 0.0000702355
5413 0.0000702339
5414 0.0000702335
5415 0.0000702334
5416 0.0000702333
5417 0.0000702333
5418 0.0000702333
5419 0.0000702333
5420 0.0000702333
5421 0.0000702333
5422 0.0000702333
5423 0.0000702333
5424 0.0000702333
5425 0.0000702334
5426 0.0000702336
5427 0.0000702343
5428 0.0000702368
5429 0.0000702453
5430 0.0000702742
5431 0.0000703727
5432 0.0000707092
5433 0.0000718573
5434 0.0000568320
5435 0.0000525594
5436 0.0000393292
5437 0.0000407733
5438 0.0011857042
5439 0.0008530776
5440 0.0003837659
5441 0.0001629270
5442 0.0000982172
5443 0.0000792561
5444 0.0000737002
5445 0.0000720722
5446 0.0000715952
5447 0.0000714554
5448 0.0000714144
5449 0.0000714024
5450 0.0000713989
5451 0.0000713980
5452 0.0000713979
5453 0.0000713985
5454 0.0000714010
5455 0.0000714096
5456 0.0000714390
5457 0.0000715392
5458 0.0000718812
5459 0.0000730484
5460 0.0000577740
5461 0.0002832973
5462 0.0003723642
5463 0.0001699847
5464 0.0002001671
5465 0.0000365904
5466 0.0000365904
5467 0.0000365904
5468 0.0000365904
5469 0.0000365904
5470 0.0000365904
5471 0.0000365904
5472 0.0000365904
5473 0.0000365904
5474 0.0001699852
5475 0.0002001677
5476 0.0001243438
5477 0.0000244371
5478 0.0001018734
5479 0.0000820100
5480 0.0000677343
5481 0.0000677343
5482 0.0001261043
5483 0.0003670581
5484 0.0000764382
5485 0.0000764382
5486 0.0002013966
5487 0.0003719410
5488 0.0000876686
5489 0.0001311325
5490 0.0000876686
5491 0.0001830228
5492 0.0002386204
5493 0.0000759224
5494 0.0000689984
5495 0.0000689984
5496 0.0001097447
5497 0.0000689984
5498 0.0001097447
5499 0.0000759224
5500 0.0001097447
5501 0.0000689984
5502 0.0003563513
5503 0.0004425218
5504 0.0002524345
5505 0.0000311434
5506 0.0000311434
5507 0.0001207239
5508 0.0000499062
5509 0.0001132443
5510 0.0000311434
5511 0.0000858033
5512 0.0000661419
5513 0.0000619926
5514 0.0000507845
5515 0.0000311434
5516 0.0001498213
5517 0.0000311436
5518 0.0000299741
5519 0.0000499156
5520 0.0002076530
5521 0.0000311436
5522 0.0000541638
5523 0.0000474573
5524 0.0000311436
5525 0.0000716818
5526 0.0000459776
5527 0.0000655185
5528 0.0000506846
5529 0.0000311436
5530 0.0000311436
5531 0.0000332613
5532 0.0000311436
5533 0.0000509098
5534 0.0000943674
5535 0.0000297314
5536 0.0000399679
5537 0.0000502481
5538 0.0000311436
5539 0.0000311436
5540 0.0000297316
5541 0.0000297316
5542 0.0000297316
5543 0.0000297316
5544 0.0000578461
5545 0.0000332609
5546 0.0000311436
5547 0.0000578465
5548 0.0000311436
5549 0.0001498213
5550 0.0000816422
5551 0.0003140565
5552 0.0000244371
5553 0.0000371492
5554 0.0000402251
5555 0.0000297000
5556 0.0000371492
5557 0.0001002282
5558 0.0001385507
5559 0.0000440656
5560 0.0000440656
5561 0.0000440656
5562 0.0000440656
5563 0.0000567777
5564 0.0000371492
5565 0.0001321520
5566 0.0000933152
5567 0.0000371492
5568 0.0000371492
5569 0.0000371492
5570 0.0000371492
5571 0.0000371492
5572 0.0000917862
5573 0.0000792360
5574 0.0000490926
5575 0.0000371492
5576 0.0000371492
5577 0.0000285864
5578 0.0005097424
5579 0.0000244371
5580 0.0000659811
5581 0.0000244371
5582 0.0000659811
5583 0.0000244371
5584 0.0000244371
5585 0.0004712421
5586 0.0001666142
5587 0.0000986129
5588 0.0000793988
5589 0.0000760320
5590 0.0000754422
5591 0.0000753394
5592 0.0000753244
5593 0.0000753394
5594 0.0000754422
5595 0.0000760319
5596 0.0000793984
5597 0.0000986117
5598 0.0001666133
5599 0.0004712566
5600 0.0004459846
5601 0.0000244371
5602 0.0000659811
5603 0.0000244371
5604 0.0000659811
5605 0.0000244371
5606 0.0003942866
5607 0.0001506478
5608 0.0000961275
5609 0.0000799755
5610 0.0000771479
5611 0.0000766671
5612 0.0000766671
5613 0.0000771478
5614 0.0000799752
5615 0.0000961265
5616 0.0001506471
5617 0.0003942983
5618 0.0003682168
5619 0.0002323750
5620 0.0004013827
5621 0.0009740632
5622 0.0002293089
5623 0.0001145996
5624 0.0003722898
5625 0.0003722898
5626 0.0001316592
5627 0.0002434823
5628 0.0000558357
5629 0.0000358731
5630 0.0000672723
5631 0.0000558357
5632 0.0001645252
5633 0.0002796901
5634 0.0001160135
5635 0.0019112429
5636 0.0013422981
5637 0.0005771445
5638 0.0002218352
5639 0.0001177232
5640 0.0000872166
5641 0.0000782776
5642 0.0000756583
5643 0.0000748908
5644 0.0000746659
5645 0.0000746000
5646 0.0000745807
5647 0.0000745751
5648 0.0000745734
5649 0.0000745729
5650 0.0000745728
5651 0.0000745727
5652 0.0000745727
5653 0.0000745727
5654 0.0000745727
5655 0.0000745727
5656 0.0000745727
5657 0.0000745727
5658 0.0000745727
5659 0.0000745727
5660 0.0000745728
5661 0.0000745728
5662 0.0000745730
5663 0.0000745738
5664 0.0000745764
5665 0.0000745854
5666 0.0000746161
5667 0.0000747208
5668 0.0000750780
5669 0.0000762971
5670 0.0000603434
5671 0.0000333426
5672 0.0000915018
5673 0.0000244371
5674 0.0000244371
5675 0.0000683290
5676 0.0001240304
5677 0.0000742131
5678 0.0000742131
5679 0.0001756838
5680 0.0000609594
5681 0.0001333750
5682 0.0002410902
5683 0.0002277808
5684 0.0002221246
5685 0.0002221257
5686 0.0002277845
5687 0.0002410984
5688 0.0001333835
5689 0.0002751850
5690 0.0000668547
5691 0.0000386440
5692 0.0000668547
5693 0.0000571402
5694 0.0001154251
5695 0.0000284845
5696 0.0000284845
5697 0.0000284845
5698 0.0000284845
5699 0.0000284845
5700 0.0000284845
5701 0.0000284845
5702 0.0000284845
5703 0.0000571416
5704 0.0000386440
5705 0.0002532625
5706 0.0042452021
5707 0.0000925222
5708 0.0000440985
5709 0.0000440985
5710 0.0000440985
5711 0.0001284662
5712 0.0000925222
5713 0.0000436957
5714 0.0000746896
5715 0.0000285079
5716 0.0000244371
5717 0.0000365532
5718 0.0000244371
5719 0.0000365532
5720 0.0000244371
5721 0.0001068410
5722 0.0001447619
5723 0.0000397509
5724 0.0000397509
5725 0.0000306503
5726 0.0000451967
5727 0.0000292392
5728 0.0000282220
5729 0.0000369228
5730 0.0000292392
5731 0.0000244371
5732 0.0000857913
5733 0.0000603294
5734 0.0000244371
5735 0.0000484548
5736 0.0000582092
5737 0.0000994679
5738 0.0000292392
5739 0.0000451971
5740 0.0000292392
5741 0.0000451971
5742 0.0000451971
5743 0.0000330702
5744 0.0000330702
5745 0.0000869499
5746 0.0000330702
5747 0.0000330702
5748 0.0000609407
5749 0.0000528807
5750 0.0000330705
5751 0.0000401296
5752 0.0000476483
5753 0.0000379377
5754 0.0000379377
5755 0.0000379377
5756 0.0003183744
5757 0.0000353416
5758 0.0000429517
5759 0.0000794599
5760 0.0000429517
5761 0.0000300040
5762 0.0000261992
5763 0.0000261992
5764 0.0000261992
5765 0.0000261992
5766 0.0000261992
5767 0.0000261992
5768 0.0000261992
5769 0.0000261992
5770 0.0000261992
5771 0.0000261992
5772 0.0000261992
5773 0.0000261992
5774 0.0000261992
5775 0.0000261992
5776 0.0000261992
5777 0.0000261992
5778 0.0000261992
5779 0.0000261992
5780 0.0000261992
5781 0.0000393902
5782 0.0000315568
5783 0.0000315568
5784 0.0000354528
5785 0.0000280049
5786 0.0000282220
5787 0.0000315570
5788 0.0000487088
5789 0.0001073726
5790 0.0000618301
5791 0.0000244371
5792 0.0000244371
5793 0.0000244371
5794 0.0000244371
5795 0.0000296927
5796 0.0000296927
5797 0.0000296927
5798 0.0000296927
5799 0.0000296927
5800 0.0000296927
5801 0.0000296927
5802 0.0000296927
5803 0.0003598131
5804 0.0000296927
5805 0.0000375584
5806 0.0000563625
5807 0.0000315570
5808 0.0000375585
5809 0.0000375585
5810 0.0000280049
5811 0.0000321207
5812 0.0000377782
5813 0.0000321207
5814 0.0000489822
5815 0.0001564093
5816 0.0003960857
5817 0.0001536101
5818 0.0000850390
5819 0.0000850390
5820 0.0000850390
5821 0.0001079868
5822 0.0001742797
5823 0.0001503257
5824 0.0001186614
5825 0.0000850399
5826 0.0001481667
5827 0.0000473848
5828 0.0000473848
5829 0.0000580586
5830 0.0000478071
5831 0.0000911912
5832 0.0000244371
5833 0.0000244371
5834 0.0000700519
5835 0.0003958026
5836 0.0000618193
5837 0.0000618193
5838 0.0000414303
5839 0.0000414304
5840 0.0000414306
5841 0.0000414307
5842 0.0000618193
5843 0.0000384452
5844 0.0000384453
5845 0.0000384455
5846 0.0003958072
5847 0.0003281190
5848 0.0003958122
5849 0.0000724993
5850 0.0003958148
5851 0.0003958169
5852 0.0001055715
5853 0.0010170741
5854 0.0000875454
5855 0.0000312021
5856 0.0000312021
5857 0.0000312021
5858 0.0000312021
5859 0.0000312021
5860 0.0000312021
5861 0.0000312021
5862 0.0000312021
5863 0.0000312021
5864 0.0000312021
5865 0.0000312021
5866 0.0001160014
5867 0.0001225304
5868 0.0000805186
5869 0.0021113420
5870 0.0001071731
5871 0.0000704537
5872 0.0004331060
5873 0.0001280281
5874 0.0000875454
5875 0.0000553020
5876 0.0000875454
5877 0.0000805210
5878 0.0000805210
5879 0.0000805210
5880 0.0000805210
5881 0.0000805210
5882 0.0000805210
5883 0.0000805210
5884 0.0000805210
5885 0.0000805210
5886 0.0000805210
5887 0.0000805210
5888 0.0000805210
5889 0.0000805210
5890 0.0000805210
5891 0.0000805210
5892 0.0000805210
5893 0.0000805210
5894 0.0000805210
5895 0.0000805210
5896 0.0000805210
5897 0.0000805210
5898 0.0000805210
5899 0.0000805210
5900 0.0000805210
5901 0.0000805210
5902 0.0000805210
5903 0.0000805210
5904 0.0000805210
5905 0.0000805210
5906 0.0007647975
5907 0.0000553020
5908 0.0000553020
5909 0.0000875466
5910 0.0000875466
5911 0.0000244371
5912 0.0000533358
5913 0.0001164464
5914 0.0000986724
5915 0.0000244371
5916 0.0000533369
5917 0.0000875466
5918 0.0000875466
5919 0.0000875466
5920 0.0001530593
5921 0.0004350996
5922 0.0000869305
5923 0.0001031916
5924 0.0001031916
5925 0.0001031916
5926 0.0001031916
5927 0.0001031916
5928 0.0001031916
5929 0.0001031916
5930 0.0001364435
5931 0.0001031916
5932 0.0001031916
5933 0.0001031916
5934 0.0001031916
5935 0.0001031916
5936 0.0001031916
5937 0.0001031916
5938 0.0001031916
5939 0.0001031916
5940 0.0017604323
5941 0.0001031952
5942 0.0003523437
5943 0.0000543870
5944 0.0000543870
5945 0.0000543870
5946 0.0000697963
5947 0.0000543870
5948 0.0000543870
5949 0.0000869305
5950 0.0002531895
5951 0.0000782412
5952 0.0000782412
5953 0.0000782412
5954 0.0000490669
5955 0.0004035018
5956 0.0000415863
5957 0.0000415863
5958 0.0000415863
5959 0.0000415863
5960 0.0000415863
5961 0.0000415863
5962 0.0000415863
5963 0.0000415863
5964 0.0000415863
5965 0.0000415863
5966 0.0000415863
5967 0.0000533689
5968 0.0000415863
5969 0.0000415863
5970 0.0000415863
5971 0.0000415863
5972 0.0000600020
5973 0.0000415863
5974 0.0000490669
5975 0.0000869305
5976 0.0000797292
5977 0.0000360728
5978 0.0001949934
5979 0.0000428535
5980 0.0000428535
5981 0.0000428535
5982 0.0000428535
5983 0.0000428535
5984 0.0001123520
5985 0.0000553020
5986 0.0001815623
5987 0.0000500895
5988 0.0002548756
5989 0.0000244371
5990 0.0000659811
5991 0.0000805223
5992 0.0008852015
5993 0.0000285079
5994 0.0001537830
5995 0.0000760874
5996 0.0000760874
5997 0.0000760874
5998 0.0000337795
5999 0.0000773045
6000 0.0001541418
6001 0.0000761592
6002 0.0000761592
6003 0.0000784414
6004 0.0000761592
6005 0.0001321435
6006 0.0003153760
6007 0.0000914561
6008 0.0000914561
6009 0.0000914561
6010 0.0000914561
6011 0.0007770190
6012 0.0009967171
6013 0.0001477460
6014 0.0001477474
6015 0.0000849535
6016 0.0000849535
6017 0.0000316580
6018 0.0000316580
6019 0.0000316580
6020 0.0000316580
6021 0.0000316580
6022 0.0000316580
6023 0.0000316580
6024 0.0000316580
6025 0.0000849535
6026 0.0000424901
6027 0.0001384139
6028 0.0001866814
6029 0.0000523956
6030 0.0003493522
6031 0.0000297266
6032 0.0000297266
6033 0.0000622307
6034 0.0000297268
6035 0.0000297268
6036 0.0000297268
6037 0.0000297268
6038 0.0000964427
6039 0.0001076225
6040 0.0000849535
6041 0.0001076225
6042 0.0000275916
6043 0.0000275916
6044 0.0000693801
6045 0.0000275916
6046 0.0000275916
6047 0.0000324926
6048 0.0000275916
6049 0.0000693801
6050 0.0000275916
6051 0.0000693801
6052 0.0000275916
6053 0.0000696819
6054 0.0000532303
6055 0.0000338751
6056 0.0000275916
6057 0.0000322436
6058 0.0000727526
6059 0.0000727526
6060 0.0001136860
6061 0.0000419306
6062 0.0000953765
6063 0.0001055091
6064 0.0000275916
6065 0.0000275916
6066 0.0000275916
6067 0.0000275916
6068 0.0000693801
6069 0.0000275916
6070 0.0000275916
6071 0.0000275916
6072 0.0000275916
6073 0.0000693801
6074 0.0000275916
6075 0.0000693801
6076 0.0000292231
6077 0.0000939800
6078 0.0001081358
6079 0.0000849535
6080 0.0000275916
6081 0.0000244371
6082 0.0000768715
6083 0.0000295465
6084 0.0000303158
6085 0.0000502061
6086 0.0000244371
6087 0.0000244371
6088 0.0000452091
6089 0.0000628657
6090 0.0001203515
6091 0.0000244371
6092 0.0000285079
6093 0.0000397281
6094 0.0000830496
6095 0.0000597340
6096 0.0001048125
6097 0.0001488268
6098 0.0001981999
6099 0.0000244371
6100 0.0001509068
6101 0.0002327974
6102 0.0002327981
6103 0.0002327988
6104 0.0000385713
6105 0.0002327996
6106 0.0000517633
6107 0.0002328004
6108 0.0000376291
6109 0.0000385717
6110 0.0002328011
6111 0.0002328018
6112 0.0002328024
6113 0.0002328031
6114 0.0002328037
6115 0.0002328044
6116 0.0002328051
6117 0.0002328057
6118 0.0000780440
6119 0.0001182833
6120 0.0000328643
6121 0.0000495729
6122 0.0000495729
6123 0.0000328643
6124 0.0000455051
6125 0.0000495729
6126 0.0000328643
6127 0.0000495729
6128 0.0000328647
6129 0.0001554503
6130 0.0004488942
6131 0.0000764857
6132 0.0000742161
6133 0.0000742161
6134 0.0000875223
6135 0.0000988328
6136 0.0000244371
6137 0.0000742161
6138 0.0000781688
6139 0.0000742165
6140 0.0000244371
6141 0.0001057591
6142 0.0000334298
6143 0.0002882066
6144 0.0000793534
6145 0.0000273698
6146 0.0000273698
6147 0.0000273698
6148 0.0000273698
6149 0.0000273698
6150 0.0000273698
6151 0.0000273698
6152 0.0000273698
6153 0.0000273698
6154 0.0000273698
6155 0.0000506336
6156 0.0000273698
6157 0.0000273698
6158 0.0000273698
6159 0.0000273698
6160 0.0000273698
6161 0.0000738995
6162 0.0000273698
6163 0.0000273698
6164 0.0000273698
6165 0.0000273698
6166 0.0000793534
6167 0.0000595127
6168 0.0001818932
6169 0.0000553597
6170 0.0001116089
6171 0.0000402487
6172 0.0000402487
6173 0.0002683619
6174 0.0000744609
6175 0.0000402487
6176 0.0000290890
6177 0.0000395402
6178 0.0001131079
6179 0.0001474284
6180 0.0006258366
6181 0.0000244371
6182 0.0000659811
6183 0.0000406890
6184 0.0000859485
6185 0.0000859485
6186 0.0000244371
6187 0.0000244371
6188 0.0000859485
6189 0.0001224708
6190 0.0001364484
6191 0.0000859485
6192 0.0001474284
6193 0.0002260358
6194 0.0001138827
6195 0.0010367403
6196 0.0004856513
6197 0.0001138859
6198 0.0002107172
6199 0.0001380863
6200 0.0001746087
6201 0.0002563493
6202 0.0000486375
6203 0.0001380863
6204 0.0001138859
6205 0.0001138859
6206 0.0001259862
6207 0.0003820201
6208 0.0001138859
6209 0.0000785783
6210 0.0000348728
6211 0.0010412346
6212 0.0000406890
6213 0.0000597466
6214 0.0000406890
6215 0.0000412856
6216 0.0000616648
6217 0.0002226031
6218 0.0000710776
6219 0.0000559733
6220 0.0000559733
6221 0.0000384164
6222 0.0000570918
6223 0.0000244371
6224 0.0001914764
6225 0.0000244371
6226 0.0000244371
6227 0.0000244371
6228 0.0000244371
6229 0.0000366484
6230 0.0001080423
6231 0.0000703562
6232 0.0000244371
6233 0.0000244371
6234 0.0000244371
6235 0.0000244371
6236 0.0001900787
6237 0.0000547416
6238 0.0000244371
6239 0.0000244371
6240 0.0000244371
6241 0.0000244371
6242 0.0000244371
6243 0.0000244371
6244 0.0000244371
6245 0.0000244371
6246 0.0000244371
6247 0.0000244371
6248 0.0000244371
6249 0.0000244371
6250 0.0000244371
6251 0.0000244371
6252 0.0000244371
6253 0.0000244371
6254 0.0000244371
6255 0.0000244371
6256 0.0000244371
6257 0.0000244371
6258 0.0000244371
6259 0.0000244371
6260 0.0000244371
6261 0.0000244371
6262 0.0000244371
6263 0.0000244371
6264 0.0000244371
6265 0.0000244371
6266 0.0000244371
6267 0.0000244371
6268 0.0000244371
6269 0.0000244371
6270 0.0000244371
6271 0.0000244371
6272 0.0000244371
6273 0.0000244371
6274 0.0000244371
6275 0.0000244371
6276 0.0000244371
6277 0.0000244371
6278 0.0000244371
6279 0.0000244371
6280 0.0000244371
6281 0.0000244371
6282 0.0000244371
6283 0.0000244371
6284 0.0000244371
6285 0.0000244371
6286 0.0000244371
6287 0.0000244371
6288 0.0000244371
6289 0.0000244371
6290 0.0000244371
6291 0.0000244371
6292 0.0000244371
6293 0.0000244371
6294 0.0000244371
6295 0.0000244371
6296 0.0000244371
6297 0.0000244371
6298 0.0000244371
6299 0.0000244371
6300 0.0000244371
6301 0.0000244371
6302 0.0000244371
6303 0.0000244371
6304 0.0000244371
6305 0.0000244371
6306 0.0000244371
6307 0.0000244371
6308 0.0000244371
6309 0.0000244371
6310 0.0000244371
6311 0.0000244371
6312 0.0000244371
6313 0.0000244371
6314 0.0000244371
6315 0.0000244371
6316 0.0000244371
6317 0.0000244371
6318 0.0000244371
6319 0.0000244371
6320 0.0000244371
6321 0.0000244371
6322 0.0000244371
6323 0.0000244371
6324 0.0000244371
6325 0.0000244371
6326 0.0000244371
6327 0.0000244371
6328 0.0000244371
6329 0.0000244371
6330 0.0000244371
6331 0.0000244371
6332 0.0000244371
6333 0.0000244371
6334 0.0000244371
6335 0.0000244371
6336 0.0000244371
6337 0.0000244371
6338 0.0000244371
6339 0.0000244371
6340 0.0000244371
6341 0.0000244371
6342 0.0000244371
6343 0.0000244371
6344 0.0000244371
6345 0.0000244371
6346 0.0000244371
6347 0.0000244371
6348 0.0000244371
6349 0.0000244371
6350 0.0000244371
6351 0.0000244371
6352 0.0000244371
6353 0.0000244371
6354 0.0000244371
6355 0.0000244371
6356 0.0000244371
6357 0.0000244371
6358 0.0000244371
6359 0.0000244371
6360 0.0000244371
6361 0.0000244371
6362 0.0000244371
6363 0.0000244371
6364 0.0000244371
6365 0.0000244371
6366 0.0000244371
6367 0.0000244371
6368 0.0000244371
6369 0.0000244371
6370 0.0000244371
6371 0.0000244371
6372 0.0000244371
6373 0.0000244371
6374 0.0000244371
6375 0.0000244371
6376 0.0000244371
6377 0.0000244371
6378 0.0000244371
6379 0.0000244371
6380 0.0000244371
6381 0.0000244371
6382 0.0000244371
6383 0.0000244371
6384 0.0000244371
6385 0.0000244371
6386 0.0000244371
6387 0.0000244371
6388 0.0000244371
6389 0.0000244371
6390 0.0000244371
6391 0.0000244371
6392 0.0000244371
6393 0.0000244371
6394 0.0000244371
6395 0.0000244371
6396 0.0000244371
6397 0.0000244371
6398 0.0000244371
6399 0.0000244371
6400 0.0000244371
6401 0.0000244371
6402 0.0000244371
6403 0.0000244371
6404 0.0000244371
6405 0.0000244371
6406 0.0000244371
6407 0.0000244371
6408 0.0000244371
6409 0.0000244371
6410 0.0000244371
6411 0.0000244371
6412 0.0000244371
6413 0.0000244371
6414 0.0000244371
6415 0.0000244371
6416 0.0000244371
6417 0.0000244371
6418 0.0000244371
6419 0.0000244371
6420 0.0000244371
6421 0.0000244371
6422 0.0000244371
6423 0.0000244371
6424 0.0000244371
6425 0.0000244371
6426 0.0000244371
6427 0.0000244371
6428 0.0000244371
6429 0.0000244371
6430 0.0000244371
6431 0.0000244371
6432 0.0000244371
6433 0.0000244371
6434 0.0000244371
6435 0.0000244371
6436 0.0000244371
6437 0.0000244371
6438 0.0000244371
6439 0.0000244371
6440 0.0000244371
6441 0.0000244371
6442 0.0000244371
6443 0.0000244371
6444 0.0000244371
6445 0.0000244371
6446 0.0000244371
6447 0.0000244371
6448 0.0000244371
6449 0.0000244371
6450 0.0000244371
6451 0.0000244371
6452 0.0000244371
6453 0.0000244371
6454 0.0000244371
6455 0.0000244371
6456 0.0000244371
6457 0.0000244371
6458 0.0000244371
6459 0.0000244371
6460 0.0000244371
6461 0.0000244371
6462 0.0000244371
6463 0.0000244371
6464 0.0000244371
6465 0.0000244371
6466 0.0000244371
6467 0.0000244371
6468 0.0000244371
6469 0.0000244371
6470 0.0000244371
6471 0.0000244371
6472 0.0000244371
6473 0.0000244371
6474 0.0000244371
6475 0.0000244371
6476 0.0000244371
6477 0.0000244371
6478 0.0000244371
6479 0.0000244371
6480 0.0000244371
6481 0.0000244371
6482 0.0000244371
6483 0.0000244371
6484 0.0000244371
6485 0.0000244371
6486 0.0000244371
6487 0.0000244371
6488 0.0000244371
6489 0.0000244371
6490 0.0000244371
6491 0.0000244371
6492 0.0000244371
6493 0.0000244371
6494 0.0000244371
6495 0.0000244371
6496 0.0000244371
6497 0.0000244371
6498 0.0000244371
6499 0.0000244371
6500 0.0000244371
6501 0.0000244371
6502 0.0000244371
6503 0.0000244371
6504 0.0000244371
6505 0.0000244371
6506 0.0000244371
6507 0.0000244371
6508 0.0000244371
6509 0.0000244371
6510 0.0000244371
6511 0.0000244371
6512 0.0000244371
6513 0.0000244371
6514 0.0000244371
6515 0.0000244371
6516 0.0025966618
6517 0.0000287440
6518 0.0000372988
6519 0.0000372988
6520 0.0001210545
6521 0.0000531513
6522 0.0000372994
6523 0.0000372994
6524 0.0000575854
6525 0.0003393044
6526 0.0003128528
6527 0.0000923156
6528 0.0001029072
6529 0.0000244371
6530 0.0000244371
6531 0.0002040835
6532 0.0002040850
6533 0.0000336138
6534 0.0000323892
6535 0.0002040865
6536 0.0000363222
6537 0.0000323892
6538 0.0002040883
6539 0.0003116103
6540 0.0000324751
6541 0.0000323892
6542 0.0000323892
6543 0.0000323892
6544 0.0000283701
6545 0.0000283701
6546 0.0000283701
6547 0.0000283701
6548 0.0000283701
6549 0.0000323892
6550 0.0003270619
6551 0.0000323892
6552 0.0000323892
6553 0.0000323892
6554 0.0000283701
6555 0.0002040899
6556 0.0000324755
6557 0.0000323892
6558 0.0000497658
6559 0.0001041571
6560 0.0000557896
6561 0.0000828905
6562 0.0000901336
6563 0.0001054002
6564 0.0001050009
6565 0.0001049432
6566 0.0001049348
6567 0.0001049336
6568 0.0001049335
6569 0.0001049334
6570 0.0001049334
6571 0.0001049334
6572 0.0001049334
6573 0.0001049334
6574 0.0001049334
6575 0.0001049334
6576 0.0001049334
6577 0.0001049334
6578 0.0001049334
6579 0.0001049334
6580 0.0001049334
6581 0.0001049334
6582 0.0001049334
6583 0.0001049334
6584 0.0001049334
6585 0.0001049334
6586 0.0001049334
6587 0.0001049334
6588 0.0001049334
6589 0.0001049334
6590 0.0001049334
6591 0.0001049334
6592 0.0001049334
6593 0.0001049334
6594 0.0001049334
6595 0.0001049334
6596 0.0001049334
6597 0.0001049334
6598 0.0001049334
6599 0.0001049334
6600 0.0001049334
6601 0.0001049334
6602 0.0001049334
6603 0.0001049334
6604 0.0001049334
6605 0.0001049334
6606 0.0001049334
6607 0.0001049334
6608 0.0001049333
6609 0.0001049323
6610 0.0001049258
6611 0.0001048807
6612 0.0001045686
6613 0.0001024105
6614 0.0001020706
6615 0.0001017892
6616 0.0001001832
6617 0.0001039358
6618 0.0001026416
6619 0.0001046020
6620 0.0001048855
6621 0.0001049265
6622 0.0001049324
6623 0.0001049333
6624 0.0001049334
6625 0.0001049334
6626 0.0001049334
6627 0.0001049334
6628 0.0001049334
6629 0.0001049334
6630 0.0001049334
6631 0.0001049334
6632 0.0001049334
6633 0.0001049334
6634 0.0001049334
6635 0.0001049334
6636 0.0001049334
6637 0.0001049334
6638 0.0001049334
6639 0.0001049334
6640 0.0001049334
6641 0.0001049334
6642 0.0001049334
6643 0.0001049334
6644 0.0001049334
6645 0.0001049334
6646 0.0001049334
6647 0.0001049334
6648 0.0001049334
6649 0.0001049334
6650 0.0001049334
6651 0.0001049334
6652 0.0001049334
6653 0.0001049334
6654 0.0001049334
6655 0.0001049334
6656 0.0001049334
6657 0.0001049334
6658 0.0001049334
6659 0.0001049334
6660 0.0001049334
6661 0.0001049334
6662 0.0001049332
6663 0.0001049317
6664 0.0001049216
6665 0.0001048516
6666 0.0001043673
6667 0.0001010191
6668 0.0001038243
6669 0.0001010189
6670 0.0001043673
6671 0.0001048515
6672 0.0001049216
6673 0.0001049317
6674 0.0001049332
6675 0.0001049333
6676 0.0001049324
6677 0.0001049266
6678 0.0001048864
6679 0.0001046085
6680 0.0001026867
6681 0.0001042982
6682 0.0001026961
6683 0.0001046759
6684 0.0001053531
6685 0.0000901277
6686 0.0000901336
6687 0.0001054002
6688 0.0001050009
6689 0.0001049432
6690 0.0001049348
6691 0.0001049336
6692 0.0001049335
6693 0.0001049334
6694 0.0001049334
6695 0.0001049334
6696 0.0001049334
6697 0.0001049334
6698 0.0001049334
6699 0.0001049334
6700 0.0001049334
6701 0.0001049334
6702 0.0001049334
6703 0.0001049334
6704 0.0001049334
6705 0.0001049334
6706 0.0001049334
6707 0.0001049334
6708 0.0001049334
6709 0.0001049334
6710 0.0001049334
6711 0.0001049334
6712 0.0001049334
6713 0.0001049334
6714 0.0001049334
6715 0.0001049334
6716 0.0001049334
6717 0.0001049334
6718 0.0001049334
6719 0.0001049334
6720 0.0001049334
6721 0.0001049334
6722 0.0001049334
6723 0.0001049334
6724 0.0001049333
6725 0.0001049324
6726 0.0001049266
6727 0.0001048864
6728 0.0001046085
6729 0.0001026865
6730 0.0001042968
6731 0.0001026864
6732 0.0001046084
6733 0.0001048864
6734 0.0001049266
6735 0.0001049324
6736 0.0001049333
6737 0.0001049334
6738 0.0001049334
6739 0.0001049334
6740 0.0001049334
6741 0.0001049334
6742 0.0001049334
6743 0.0001049334
6744 0.0001049334
6745 0.0001049334
6746 0.0001049334
6747 0.0001049334
6748 0.0001049334
6749 0.0001049334
6750 0.0001049334
6751 0.0001049334
6752 0.0001049334
6753 0.0001049334
6754 0.0001049334
6755 0.0001049334
6756 0.0001049334
6757 0.0001049334
6758 0.0001049333
6759 0.0001049324
6760 0.0001049266
6761 0.0001048864
6762 0.0001046085
6763 0.0001026865
6764 0.0001042968
6765 0.0001026864
6766 0.0001046084
6767 0.0001048864
6768 0.0001049266
6769 0.0001049324
6770 0.0001049333
6771 0.0001049334
6772 0.0001049334
6773 0.0001049334
6774 0.0001049334
6775 0.0001049334
6776 0.0001049334
6777 0.0001049334
6778 0.0001049334
6779 0.0001049334
6780 0.0001049334
6781 0.0001049334
6782 0.0001049334
6783 0.0001049334
6784 0.0001049334
6785 0.0001049334
6786 0.0001049334
6787 0.0001049334
6788 0.0001049334
6789 0.0001049334
6790 0.0001049334
6791 0.0001049334
6792 0.0001049334
6793 0.0001049334
6794 0.0001049334
6795 0.0001049334
6796 0.0001049334
6797 0.0001049334
6798 0.0001049334
6799 0.0001049334
6800 0.0001049334
6801 0.0001049334
6802 0.0001049334
6803 0.0001049334
6804 0.0001049334
6805 0.0001049334
6806 0.0001049334
6807 0.0001049334
6808 0.0001049334
6809 0.0001049334
6810 0.0001049334
6811 0.0001049334
6812 0.0001049334
6813 0.0001049334
6814 0.0001049334
6815 0.0001049334
6816 0.0001049334
6817 0.0001049334
6818 0.0001049334
6819 0.0001049334
6820 0.0001049334
6821 0.0001049334
6822 0.0001049334
6823 0.0001049334
6824 0.0001049334
6825 0.0001049334
6826 0.0001049334
6827 0.0001049334
6828 0.0001049334
6829 0.0001049335
6830 0.0001049336
6831 0.0001049348
6832 0.0001049432
6833 0.0001050009
6834 0.0001054003
6835 0.0000901344
6836 0.0041153190
6837 0.0041150660
6838 0.0041153202
6839 0.0041153209
6840 0.0000557896
6841 0.0000718594
6842 0.0000899095
6843 0.0001051381
6844 0.0001047398
6845 0.0001046822
6846 0.0001046739
6847 0.0001046727
6848 0.0001046725
6849 0.0001046725
6850 0.0001046725
6851 0.0001046725
6852 0.0001046725
6853 0.0001046725
6854 0.0001046725
6855 0.0001046725
6856 0.0001046725
6857 0.0001046725
6858 0.0001046725
6859 0.0001046725
6860 0.0001046725
6861 0.0001046725
6862 0.0001046725
6863 0.0001046725
6864 0.0001046725
6865 0.0001046725
6866 0.0001046725
6867 0.0001046725
6868 0.0001046725
6869 0.0001046725
6870 0.0001046725
6871 0.0001046725
6872 0.0001046725
6873 0.0001046725
6874 0.0001046725
6875 0.0001046725
6876 0.0001046725
6877 0.0001046725
6878 0.0001046725
6879 0.0001046725
6880 0.0001046725
6881 0.0001046725
6882 0.0001046725
6883 0.0001046725
6884 0.0001046725
6885 0.0001046725
6886 0.0001046725
6887 0.0001046725
6888 0.0001046725
6889 0.0001046725
6890 0.0001046725
6891 0.0001046725
6892 0.0001046725
6893 0.0001046725
6894 0.0001046725
6895 0.0001046725
6896 0.0001046725
6897 0.0001046725
6898 0.0001046725
6899 0.0001046725
6900 0.0001046725
6901 0.0001046725
6902 0.0001046725
6903 0.0001046725
6904 0.0001046725
6905 0.0001046725
6906 0.0001046725
6907 0.0001046725
6908 0.0001046725
6909 0.0001046725
6910 0.0001046725
6911 0.0001046725
6912 0.0001046725
6913 0.0001046725
6914 0.0001046725
6915 0.0001046725
6916 0.0001046725
6917 0.0001046725
6918 0.0001046725
6919 0.0001046725
6920 0.0001046725
6921 0.0001046727
6922 0.0001046739
6923 0.0001046822
6924 0.0001047398
6925 0.0001051382
6926 0.0000899102
6927 0.0000899760
6928 0.0001056072
6929 0.0000899767
6930 0.0000899095
6931 0.0001051380
6932 0.0001047397
6933 0.0001046813
6934 0.0001046671
6935 0.0001046258
6936 0.0001043484
6937 0.0001024311
6938 0.0001040374
6939 0.0001024310
6940 0.0001043483
6941 0.0001046256
6942 0.0001046657
6943 0.0001046715
6944 0.0001046724
6945 0.0001046725
6946 0.0001046725
6947 0.0001046725
6948 0.0001046725
6949 0.0001046725
6950 0.0001046725
6951 0.0001046725
6952 0.0001046725
6953 0.0001046725
6954 0.0001046725
6955 0.0001046725
6956 0.0001046725
6957 0.0001046725
6958 0.0001046725
6959 0.0001046725
6960 0.0001046725
6961 0.0001046725
6962 0.0001046725
6963 0.0001046725
6964 0.0001046725
6965 0.0001046725
6966 0.0001046725
6967 0.0001046725
6968 0.0001046725
6969 0.0001046725
6970 0.0001046725
6971 0.0001046725
6972 0.0001046725
6973 0.0001046725
6974 0.0001046725
6975 0.0001046725
6976 0.0001046725
6977 0.0001046725
6978 0.0001046725
6979 0.0001046725
6980 0.0001046725
6981 0.0001046725
6982 0.0001046725
6983 0.0001046725
6984 0.0001046725
6985 0.0001046725
6986 0.0001046725
6987 0.0001046725
6988 0.0001046725
6989 0.0001046725
6990 0.0001046725
6991 0.0001046725
6992 0.0001046725
6993 0.0001046725
6994 0.0001046725
6995 0.0001046725
6996 0.0001046725
6997 0.0001046725
6998 0.0001046723
6999 0.0001046714
7000 0.0001046649
7001 0.0001046200
7002 0.0001043092
7003 0.0001021608
7004 0.0001018564
7005 0.0001018563
7006 0.0001021606
7007 0.0001043091
7008 0.0001046190
7009 0.0001046581
7010 0.0001046245
7011 0.0001043482
7012 0.0001024311
7013 0.0001040374
7014 0.0001024310
7015 0.0001043483
7016 0.0001046256
7017 0.0001046657
7018 0.0001046715
7019 0.0001046724
7020 0.0001046725
7021 0.0001046725
7022 0.0001046725
7023 0.0001046727
7024 0.0001046739
7025 0.0001046822
7026 0.0001047398
7027 0.0001051382
7028 0.0000899102
7029 0.0000494680
7030 0.0000620486
7031 0.0028270877
7032 0.0028266371
7033 0.0028270237
7034 0.0028270896
7035 0.0000491141
7036 0.0000661851
7037 0.0000421442
7038 0.0000421442
7039 0.0000421442
7040 0.0004493263
7041 0.0000401978
7042 0.0001416698
7043 0.0000529813
7044 0.0000529813
7045 0.0000529813
7046 0.0000529813
7047 0.0000529813
7048 0.0000529813
7049 0.0000529813
7050 0.0000529813
7051 0.0000529813
7052 0.0000529813
7053 0.0000453829
7054 0.0000921431
7055 0.0000739281
7056 0.0000921431
7057 0.0005971310
7058 0.0000529823
7059 0.0000536153
7060 0.0000349420
7061 0.0000349420
7062 0.0000349420
7063 0.0000349420
7064 0.0000349420
7065 0.0000349420
7066 0.0000349420
7067 0.0000349420
7068 0.0000349420
7069 0.0000349420
7070 0.0000349420
7071 0.0000349420
7072 0.0000349420
7073 0.0000349420
7074 0.0000349420
7075 0.0000349420
7076 0.0000349420
7077 0.0008362294
7078 0.0000349424
7079 0.0000349424
7080 0.0000349424
7081 0.0000349424
7082 0.0000349424
7083 0.0000349424
7084 0.0000349424
7085 0.0000349424
7086 0.0000349424
7087 0.0000349424
7088 0.0000349424
7089 0.0000349424
7090 0.0000349424
7091 0.0000349424
7092 0.0000349424
7093 0.0000349424
7094 0.0000349424
7095 0.0000349424
7096 0.0000349424
7097 0.0000349424
7098 0.0000349424
7099 0.0000349424
7100 0.0000349424
7101 0.0000349424
7102 0.0000349424
7103 0.0000349424
7104 0.0000349424
7105 0.0000349424
7106 0.0000349424
7107 0.0000349424
7108 0.0000349424
7109 0.0000349424
7110 0.0000349424
7111 0.0000349424
7112 0.0000349424
7113 0.0000349424
7114 0.0000349424
7115 0.0000349424
7116 0.0000349424
7117 0.0000349424
7118 0.0000349424
7119 0.0000349424
7120 0.0000349424
7121 0.0000349424
7122 0.0000349424
7123 0.0000349424
7124 0.0000349424
7125 0.0000464457
7126 0.0000464457
7127 0.0000464457
7128 0.0001131220
7129 0.0000464457
7130 0.0000464457
7131 0.0000464457
7132 0.0000464457
7133 0.0000464457
7134 0.0000464457
7135 0.0000382559
7136 0.0001090224
7137 0.0000371255
7138 0.0000371255
7139 0.0000371255
7140 0.0000328961
7141 0.0000328961
7142 0.0000328961
7143 0.0000328961
7144 0.0000328961
7145 0.0001040916
7146 0.0004906552
7147 0.0007694914
7148 0.0003390041
7149 0.0003073591
7150 0.0003185925
7151 0.0007549384
7152 0.0003025252
7153 0.0000764312
7154 0.0001150568
7155 0.0000764317
7156 0.0002975239
7157 0.0001409728
7158 0.0000764332
7159 0.0003509120
7160 0.0001115987
7161 0.0004493263
7162 0.0000464457
7163 0.0000375967
7164 0.0005696461
7165 0.0000464467
7166 0.0000464467
7167 0.0000567124
7168 0.0008308364
7169 0.0000942691
7170 0.0001266454
7171 0.0000290955
7172 0.0000290955
7173 0.0000290955
7174 0.0000290955
7175 0.0000290955
7176 0.0000290955
7177 0.0000279309
7178 0.0000295190
7179 0.0000337539
7180 0.0000295190
7181 0.0000279309
7182 0.0000295190
7183 0.0000279309
7184 0.0000295190
7185 0.0000337539
7186 0.0000279309
7187 0.0000295190
7188 0.0000279309
7189 0.0000295190
7190 0.0000279309
7191 0.0000295190
7192 0.0000295190
7193 0.0000279309
7194 0.0000279309
7195 0.0000295190
7196 0.0000337539
7197 0.0000295190
7198 0.0000279309
7199 0.0000295190
7200 0.0000279309
7201 0.0000290955
7202 0.0000290955
7203 0.0000290955
7204 0.0000290955
7205 0.0000290955
7206 0.0000290955
7207 0.0000290955
7208 0.0000290955
7209 0.0000290955
7210 0.0000290955
7211 0.0000290955
7212 0.0000290955
7213 0.0000290955
7214 0.0000324230
7215 0.0000287372
7216 0.0000287372
7217 0.0000324230
7218 0.0000287372
7219 0.0000324230
7220 0.0000287372
7221 0.0000287372
7222 0.0000287372
7223 0.0000287372
7224 0.0000287372
7225 0.0000324230
7226 0.0000287372
7227 0.0000295190
7228 0.0000367231
7229 0.0000295190
7230 0.0000287372
7231 0.0000295190
7232 0.0000324230
7233 0.0000324230
7234 0.0000295190
7235 0.0000324230
7236 0.0000295190
7237 0.0000324230
7238 0.0000295190
7239 0.0000279309
7240 0.0000279309
7241 0.0000657676
7242 0.0000657676
7243 0.0000657676
7244 0.0000540656
7245 0.0000930042
7246 0.0000734571
7247 0.0000657678
7248 0.0000657678
7249 0.0000657678
7250 0.0000657678
7251 0.0000657678
7252 0.0000657678
7253 0.0000657678
7254 0.0000335306
7255 0.0000829559
7256 0.0000375430
7257 0.0000403932
7258 0.0000563481
7259 0.0000375432
7260 0.0029018990
7261 0.0000335306
7262 0.0001552538
7263 0.0001564060
7264 0.0000365984
7265 0.0000555465
7266 0.0000365984
7267 0.0000365984
7268 0.0000365984
7269 0.0000365984
7270 0.0000365984
7271 0.0000365984
7272 0.0000365984
7273 0.0000365984
7274 0.0000365984
7275 0.0000365984
7276 0.0001573854
7277 0.0000255263
7278 0.0000255263
7279 0.0000255263
7280 0.0000255263
7281 0.0000255263
7282 0.0000255263
7283 0.0000255263
7284 0.0000255263
7285 0.0000255263
7286 0.0000255263
7287 0.0000255263
7288 0.0000255263
7289 0.0000255263
7290 0.0000255263
7291 0.0000255263
7292 0.0000255263
7293 0.0000255263
7294 0.0000255263
7295 0.0000255263
7296 0.0000255263
7297 0.0000255263
7298 0.0000255263
7299 0.0000255263
7300 0.0000255263
7301 0.0000255263
7302 0.0000255263
7303 0.0000255263
7304 0.0000255263
7305 0.0000255263
7306 0.0000255263
7307 0.0000255263
7308 0.0000255263
7309 0.0000255263
7310 0.0000255263
7311 0.0000255263
7312 0.0000255263
7313 0.0000255263
7314 0.0000255263
7315 0.0004493362
7316 0.0001266819
7317 0.0002150815
7318 0.0001952093
7319 0.0001867343
7320 0.0001866657
7321 0.0001949796
7322 0.0001073054
7323 0.0004493362
7324 0.0001737111
7325 0.0000751910
7326 0.0000336952
7327 0.0000416140
7328 0.0000362280
7329 0.0000564219
7330 0.0000297659
7331 0.0000297659
7332 0.0000297659
7333 0.0000297659
7334 0.0000527008
7335 0.0000357524
7336 0.0000358855
7337 0.0000357526
7338 0.0000468496
7339 0.0000372722
7340 0.0000359439
7341 0.0000357528
7342 0.0000357528
7343 0.0000325225
7344 0.0000338509
7345 0.0000259739
7346 0.0000259739
7347 0.0000600332
7348 0.0000600339
7349 0.0001712242
7350 0.0000436685
7351 0.0000501733
7352 0.0000272803
7353 0.0000256438
7354 0.0000256438
7355 0.0000256438
7356 0.0000272803
7357 0.0000256438
7358 0.0000272803
7359 0.0000325228
7360 0.0000256438
7361 0.0000307383
7362 0.0000255990
7363 0.0000255990
7364 0.0000255990
7365 0.0000259740
7366 0.0000244371
7367 0.0000261813
7368 0.0000287300
7369 0.0000272121
7370 0.0000387462
7371 0.0000920018
7372 0.0001568762
7373 0.0000951741
7374 0.0001053370
7375 0.0000672086
7376 0.0000672086
7377 0.0000672086
7378 0.0000672086
7379 0.0000672086
7380 0.0000672086
7381 0.0000672086
7382 0.0000672086
7383 0.0000672086
7384 0.0000672086
7385 0.0000672086
7386 0.0000672086
7387 0.0000672086
7388 0.0000672086
7389 0.0000672086
7390 0.0000672086
7391 0.0000672086
7392 0.0000672086
7393 0.0000672086
7394 0.0000672086
7395 0.0000672086
7396 0.0000672086
7397 0.0000672086
7398 0.0000672086
7399 0.0000672086
7400 0.0000672086
7401 0.0000672086
7402 0.0000672086
7403 0.0000672086
7404 0.0000672086
7405 0.0000672086
7406 0.0000957729
7407 0.0000672086
7408 0.0000672086
7409 0.0000957729
7410 0.0000672086
7411 0.0000672086
7412 0.0000672086
7413 0.0000672086
7414 0.0000672086
7415 0.0000672086
7416 0.0000672086
7417 0.0000672086
7418 0.0000672086
7419 0.0000672086
7420 0.0000672086
7421 0.0000672086
7422 0.0000672086
7423 0.0000672086
7424 0.0000672086
7425 0.0000651415
7426 0.0000611033
7427 0.0000672086
7428 0.0028682659
7429 0.0000611039
7430 0.0000506710
7431 0.0002134204
7432 0.0002134215
7433 0.0000503532
7434 0.0002134227
7435 0.0002134240
7436 0.0000565064
7437 0.0000647331
7438 0.0000647334
7439 0.0002134258
7440 0.0002134271
7441 0.0000672105
7442 0.0000672105
7443 0.0000359989
7444 0.0000521590
7445 0.0000535813
7446 0.0000699823
7447 0.0001585825
7448 0.0001431330
7449 0.0001585855
7450 0.0002035204
7451 0.0000821515
7452 0.0000621320
7453 0.0000772505
7454 0.0006459322
7455 0.0001401880
7456 0.0002237865
7457 0.0000660111
7458 0.0000660111
7459 0.0000561409
7460 0.0000561409
7461 0.0000334648
7462 0.0001686338
7463 0.0001558114
7464 0.0000465109
7465 0.0000531055
7466 0.0000313465
7467 0.0000348728
7468 0.0000931866
7469 0.0000535813
7470 0.0000931866
7471 0.0000535813
7472 0.0000535813
7473 0.0000840181
7474 0.0001484340
7475 0.0000337179
7476 0.0000337179
7477 0.0000537793
7478 0.0000537793
7479 0.0000537793
7480 0.0000537793
7481 0.0000873513
7482 0.0000537793
7483 0.0000605186
7484 0.0000630606
7485 0.0000670911
7486 0.0001208234
7487 0.0000337184
7488 0.0001208234
7489 0.0001057445
7490 0.0002507083
7491 0.0001216857
7492 0.0002507099
7493 0.0006769341
7494 0.0000552316
7495 0.0000713851
7496 0.0000478955
7497 0.0000651493
7498 0.0000380828
7499 0.0000380828
7500 0.0000632810
7501 0.0000309111
7502 0.0000380831
7503 0.0000537582
7504 0.0000380831
7505 0.0000309113
7506 0.0000701320
7507 0.0000537591
7508 0.0000952619
7509 0.0000446807
7510 0.0000583268
7511 0.0000299458
7512 0.0000299458
7513 0.0000299458
7514 0.0000299458
7515 0.0000744410
7516 0.0000348728
7517 0.0000337362
7518 0.0000327412
7519 0.0000511784
7520 0.0000834991
7521 0.0003394890
7522 0.0000383524
7523 0.0000509166
7524 0.0000509166
7525 0.0000380903
7526 0.0000456862
7527 0.0000327414
7528 0.0000299622
7529 0.0000780036
7530 0.0000299625
7531 0.0000521096
7532 0.0000299625
7533 0.0000299625
7534 0.0000299625
7535 0.0000299625
7536 0.0000956147
7537 0.0000840181
7538 0.0000363673
7539 0.0000348728
7540 0.0000454400
7541 0.0000437495
7542 0.0001126050
7543 0.0001126050
7544 0.0001042004
7545 0.0001126050
7546 0.0001126050
7547 0.0001604634
7548 0.0006223768
7549 0.0001126093
7550 0.0001449151
7551 0.0000464467
7552 0.0000546110
7553 0.0002277516
7554 0.0001240581
7555 0.0000244371
7556 0.0000671060
7557 0.0000671060
7558 0.0000671060
7559 0.0000671060
7560 0.0000671060
7561 0.0000671060
7562 0.0000671060
7563 0.0000671060
7564 0.0000671060
7565 0.0000671060
7566 0.0000671060
7567 0.0000671060
7568 0.0000671060
7569 0.0000671060
7570 0.0000671060
7571 0.0000671060
7572 0.0000671060
7573 0.0000671060
7574 0.0000671060
7575 0.0000671060
7576 0.0000671060
7577 0.0000671060
7578 0.0000671060
7579 0.0000671060
7580 0.0000671060
7581 0.0000671060
7582 0.0000671060
7583 0.0000671060
7584 0.0000671060
7585 0.0000671060
7586 0.0000671060
7587 0.0000956268
7588 0.0000671060
7589 0.0000671060
7590 0.0000956268
7591 0.0000671060
7592 0.0000671060
7593 0.0000671060
7594 0.0000671060
7595 0.0000671060
7596 0.0000671060
7597 0.0000671060
7598 0.0000671060
7599 0.0000671060
7600 0.0000671060
7601 0.0000671060
7602 0.0000671060
7603 0.0000671060
7604 0.0000671060
7605 0.0000671060
7606 0.0000650794
7607 0.0000932352
7608 0.0000585098
7609 0.0000671060
7610 0.0028613895
7611 0.0000585104
7612 0.0000313465
7613 0.0002843361
7614 0.0002904493
7615 0.0000419723
7616 0.0000419723
7617 0.0001444112
7618 0.0000917547
7619 0.0001024304
7620 0.0000585677
7621 0.0000585677
7622 0.0004052219
7623 0.0005213839
7624 0.0002204375
7625 0.0001070755
7626 0.0000754679
7627 0.0000684386
7628 0.0000668249
7629 0.0000664481
7630 0.0000663593
7631 0.0000663383
7632 0.0000663333
7633 0.0000663321
7634 0.0000663318
7635 0.0000663318
7636 0.0000663318
7637 0.0000663319
7638 0.0000663326
7639 0.0000663353
7640 0.0000663476
7641 0.0000664051
7642 0.0000666969
7643 0.0000683415
7644 0.0000787574
7645 0.0001301915
7646 0.0003760958
7647 0.0007068666
7648 0.0002844176
7649 0.0001339667
7650 0.0000750150
7651 0.0000609196
7652 0.0000575582
7653 0.0000567576
7654 0.0000565671
7655 0.0000565218
7656 0.0000565110
7657 0.0000565084
7658 0.0000565078
7659 0.0000565077
7660 0.0000565077
7661 0.0000565080
7662 0.0000565093
7663 0.0000565149
7664 0.0000565382
7665 0.0000566352
7666 0.0000570357
7667 0.0000586564
7668 0.0000649434
7669 0.0000869567
7670 0.0001068537
7671 0.0000464467
7672 0.0000787315
7673 0.0000378217
7674 0.0000458591
7675 0.0000458591
7676 0.0002847025
7677 0.0003652353
7678 0.0001717963
7679 0.0000953370
7680 0.0000733170
7681 0.0000684347
7682 0.0000673158
7683 0.0000670549
7684 0.0000669938
7685 0.0000669812
7686 0.0000669864
7687 0.0000670263
7688 0.0000672333
7689 0.0000684063
7690 0.0000758681
7691 0.0001100916
7692 0.0002685812
7693 0.0004858101
7694 0.0002098485
7695 0.0001102303
7696 0.0000694498
7697 0.0000596966
7698 0.0000573705
7699 0.0000568166
7700 0.0000566857
7701 0.0000566582
7702 0.0000566671
7703 0.0000567336
7704 0.0000570146
7705 0.0000581525
7706 0.0000625560
7707 0.0000778765
7708 0.0000866461
7709 0.0000653468
7710 0.0000653468
7711 0.0004713458
7712 0.0002372798
7713 0.0000653468
7714 0.0001169089
7715 0.0000492808
7716 0.0000492808
7717 0.0000375432
7718 0.0000487577
7719 0.0001606730
7720 0.0000487586
7721 0.0000451600
7722 0.0000487586
7723 0.0000487586
7724 0.0001168396
7725 0.0000700930
7726 0.0000700930
7727 0.0000442972
7728 0.0000680711
7729 0.0000519720
7730 0.0002261869
7731 0.0002261882
7732 0.0000519034
7733 0.0002261894
7734 0.0002261908
7735 0.0000601696
7736 0.0000668605
7737 0.0000668608
7738 0.0002261927
7739 0.0002261941
7740 0.0026975814
7741 0.0000671079
7742 0.0000671079
7743 0.0000420108
7744 0.0000590345
7745 0.0000328005
7746 0.0000328005
7747 0.0000328005
7748 0.0000348728
7749 0.0000343179
7750 0.0000343179
7751 0.0000343179
7752 0.0000658535
7753 0.0000850726
7754 0.0000485415
7755 0.0000335310
7756 0.0000645371
7757 0.0000290085
7758 0.0000351730
7759 0.0000543349
7760 0.0000475299
7761 0.0000648385
7762 0.0000475299
7763 0.0000648385
7764 0.0000718893
7765 0.0000855445
7766 0.0010947083
7767 0.0002960668
7768 0.0002752469
7769 0.0001502685
7770 0.0000934788
7771 0.0000926620
7772 0.0000916652
7773 0.0001053730
7774 0.0000943732
7775 0.0000957096
7776 0.0000733173
7777 0.0006104333
7778 0.0000928197
7779 0.0000883027
7780 0.0000688234
7781 0.0001096861
7782 0.0000925937
7783 0.0000953728
7784 0.0000915290
7785 0.0000964374
7786 0.0000927864
7787 0.0000924198
7788 0.0000928326
7789 0.0001232306
7790 0.0001178546
7791 0.0001177485
7792 0.0001224725
7793 0.0001203154
7794 0.0000974515
7795 0.0004465671
7796 0.0000453868
7797 0.0000306015
7798 0.0000504490
7799 0.0000351730
7800 0.0000543349
7801 0.0000472448
7802 0.0000351730
7803 0.0000543349
7804 0.0000398323
7805 0.0000582953
7806 0.0000398323
7807 0.0000582953
7808 0.0000290085
7809 0.0001934171
7810 0.0000290085
7811 0.0000490949
7812 0.0001458891
7813 0.0000535257
7814 0.0001490306
7815 0.0001024514
7816 0.0001110132
7817 0.0001339267
7818 0.0001000610
7819 0.0001701222
7820 0.0000809771
7821 0.0000948232
7822 0.0002090401
7823 0.0001031041
7824 0.0003086640
7825 0.0002388359
7826 0.0001309282
7827 0.0001688815
7828 0.0001339517
7829 0.0001451573
7830 0.0001318733
7831 0.0001666717
7832 0.0003621707
7833 0.0001386527
7834 0.0002429520
7835 0.0002332352
7836 0.0002256049
7837 0.0002066090
7838 0.0001944568
7839 0.0001541189
7840 0.0001050632
7841 0.0003466108
7842 0.0000536653
7843 0.0000700537
7844 0.0000442861
7845 0.0000596813
7846 0.0000904718
7847 0.0000536664
7848 0.0000290085
7849 0.0000405091
7850 0.0000588706
7851 0.0000411175
7852 0.0000785283
7853 0.0001644488
7854 0.0000320278
7855 0.0000348728
7856 0.0000929974
7857 0.0001349595
7858 0.0000525367
7859 0.0000525367
7860 0.0000525367
7861 0.0000525367
7862 0.0000525367
7863 0.0000525367
7864 0.0000525367
7865 0.0000525367
7866 0.0000525367
7867 0.0000525367
7868 0.0000452071
7869 0.0000913697
7870 0.0000733077
7871 0.0000913697
7872 0.0005923329
7873 0.0000525377
7874 0.0000531653
7875 0.0000349347
7876 0.0000349347
7877 0.0000349347
7878 0.0000349347
7879 0.0000349347
7880 0.0000349347
7881 0.0000349347
7882 0.0000349347
7883 0.0000349347
7884 0.0000349347
7885 0.0000349347
7886 0.0000349347
7887 0.0000349347
7888 0.0000349347
7889 0.0000349347
7890 0.0000349347
7891 0.0000349347
7892 0.0008360594
7893 0.0000349351
7894 0.0000349351
7895 0.0000349351
7896 0.0000349351
7897 0.0000349351
7898 0.0000349351
7899 0.0000349351
7900 0.0000349351
7901 0.0000349351
7902 0.0000349351
7903 0.0000349351
7904 0.0000349351
7905 0.0000349351
7906 0.0000349351
7907 0.0000349351
7908 0.0000349351
7909 0.0000349351
7910 0.0000349351
7911 0.0000349351
7912 0.0000349351
7913 0.0000349351
7914 0.0000349351
7915 0.0000349351
7916 0.0000349351
7917 0.0000349351
7918 0.0000349351
7919 0.0000349351
7920 0.0000349351
7921 0.0000349351
7922 0.0000349351
7923 0.0000349351
7924 0.0000349351
7925 0.0000349351
7926 0.0000349351
7927 0.0000349351
7928 0.0000349351
7929 0.0000349351
7930 0.0000349351
7931 0.0000349351
7932 0.0000349351
7933 0.0000349351
7934 0.0000349351
7935 0.0000349351
7936 0.0000349351
7937 0.0000349351
7938 0.0000349351
7939 0.0000349351
7940 0.0000405091
7941 0.0000588706
7942 0.0000432420
7943 0.0000611937
7944 0.0001392610
7945 0.0001947304
7946 0.0001607953
7947 0.0001607960
7948 0.0001607972
7949 0.0001082459
7950 0.0001164483
7951 0.0000478693
7952 0.0000651270
7953 0.0000727693
7954 0.0000940466
7955 0.0001328377
7956 0.0001373519
7957 0.0000384159
7958 0.0000493381
7959 0.0001607985
7960 0.0002756793
7961 0.0000284618
7962 0.0000325014
7963 0.0000506710
7964 0.0000459728
7965 0.0000635149
7966 0.0000459728
7967 0.0000508125
7968 0.0000676287
7969 0.0001925285
7970 0.0003299589
7971 0.0000609884
7972 0.0000318430
7973 0.0000472097
7974 0.0000472097
7975 0.0000535826
7976 0.0000321264
7977 0.0000783553
7978 0.0000434467
7979 0.0000335310
7980 0.0001181838
7981 0.0000335310
7982 0.0001854238
7983 0.0000436654
7984 0.0000904883
7985 0.0000269578
7986 0.0000269578
7987 0.0000269578
7988 0.0000269578
7989 0.0000269578
7990 0.0000269578
7991 0.0000269578
7992 0.0000541489
7993 0.0000499717
7994 0.0000269578
7995 0.0000269578
7996 0.0000269578
7997 0.0000269578
7998 0.0000269578
7999 0.0000269578
8000 0.0000269578
8001 0.0000474509
8002 0.0000269579
8003 0.0000699116
8004 0.0002428622
8005 0.0003058755
8006 0.0002065573
8007 0.0005511642
8008 0.0002065624
8009 0.0002065624
8010 0.0000408554
8011 0.0000591650
8012 0.0000335310
8013 0.0000529391
8014 0.0000335310
8015 0.0000529391
8016 0.0000415196
8017 0.0000755145
8018 0.0000297861
8019 0.0000370965
8020 0.0000370965
8021 0.0000415624
8022 0.0000297861
8023 0.0000487724
8024 0.0000785869
8025 0.0000570638
8026 0.0000487724
8027 0.0000487724
8028 0.0001052297
8029 0.0000509171
8030 0.0003785393
8031 0.0000708837
8032 0.0000487735
8033 0.0000542529
8034 0.0000487735
8035 0.0000570652
8036 0.0001826328
8037 0.0000591306
8038 0.0000606637
8039 0.0000687280
8040 0.0000956577
8041 0.0000956569
8042 0.0000687284
8043 0.0000606642
8044 0.0000591317
8045 0.0000411914
8046 0.0000411911
8047 0.0000686751
8048 0.0001040916
8049 0.0001040916
8050 0.0003748526
8051 0.0001997773
8052 0.0000343942
8053 0.0001169966
8054 0.0017920547
8055 0.0016984249
8056 0.0047440542
8057 0.0000725322
8058 0.0054760797
8059 0.0019803231
8060 0.0005944508
8061 0.0002040358
8062 0.0001148244
8063 0.0000938774
8064 0.0000888766
8065 0.0000876710
8066 0.0000873787
8067 0.0000873076
8068 0.0000872903
8069 0.0000872860
8070 0.0000872850
8071 0.0000872848
8072 0.0000872847
8073 0.0000872847
8074 0.0000872847
8075 0.0000872847
8076 0.0000872847
8077 0.0000872847
8078 0.0000872847
8079 0.0000872847
8080 0.0000872847
8081 0.0000872847
8082 0.0000872847
8083 0.0000872847
8084 0.0000872847
8085 0.0000872847
8086 0.0000872847
8087 0.0000872847
8088 0.0000872847
8089 0.0000872847
8090 0.0000872847
8091 0.0000872847
8092 0.0000872847
8093 0.0000872847
8094 0.0000872847
8095 0.0000872847
8096 0.0000872847
8097 0.0000872847
8098 0.0000872847
8099 0.0000872847
8100 0.0000872847
8101 0.0000872847
8102 0.0000872847
8103 0.0000872847
8104 0.0000872847
8105 0.0000872847
8106 0.0000872847
8107 0.0000872847
8108 0.0000872847
8109 0.0000872847
8110 0.0000872847
8111 0.0000872847
8112 0.0000872847
8113 0.0000872847
8114 0.0000872848
8115 0.0000872851
8116 0.0000872863
8117 0.0000872911
8118 0.0000873100
8119 0.0000873814
8120 0.0000876290
8121 0.0000883179
8122 0.0000739767
8123 0.0000883177
8124 0.0000876289
8125 0.0000873814
8126 0.0000873100
8127 0.0000872911
8128 0.0000872863
8129 0.0000872851
8130 0.0000872848
8131 0.0000872847
8132 0.0000872847
8133 0.0000872847
8134 0.0000872847
8135 0.0000872847
8136 0.0000872847
8137 0.0000872847
8138 0.0000872847
8139 0.0000872847
8140 0.0000872847
8141 0.0000872847
8142 0.0000872847
8143 0.0000872847
8144 0.0000872847
8145 0.0000872847
8146 0.0000872847
8147 0.0000872847
8148 0.0000872847
8149 0.0000872847
8150 0.0000872847
8151 0.0000872847
8152 0.0000872847
8153 0.0000872847
8154 0.0000872847
8155 0.0000872847
8156 0.0000872847
8157 0.0000872847
8158 0.0000872847
8159 0.0000872847
8160 0.0000872847
8161 0.0000872847
8162 0.0000872847
8163 0.0000872847
8164 0.0000872847
8165 0.0000872847
8166 0.0000872847
8167 0.0000872847
8168 0.0000872847
8169 0.0000872847
8170 0.0000872847
8171 0.0000872847
8172 0.0000872847
8173 0.0000872847
8174 0.0000872847
8175 0.0000872847
8176 0.0000872847
8177 0.0000872847
8178 0.0000872847
8179 0.0000872847
8180 0.0000872847
8181 0.0000872847
8182 0.0000872847
8183 0.0000872847
8184 0.0000872847
8185 0.0000872847
8186 0.0000872847
8187 0.0000872847
8188 0.0000872847
8189 0.0000872847
8190 0.0000872847
8191 0.0000872847
8192 0.0000872847
8193 0.0000872847
8194 0.0000872847
8195 0.0000872847
8196 0.0000872847
8197 0.0000872847
8198 0.0000872847
8199 0.0000872847
8200 0.0000872847
8201 0.0000872847
8202 0.0000872847
8203 0.0000872847
8204 0.0000872847
8205 0.0000872847
8206 0.0000872847
8207 0.0000872847
8208 0.0000872847
8209 0.0000872847
8210 0.0000872848
8211 0.0000872851
8212 0.0000872863
8213 0.0000872912
8214 0.0000873103
8215 0.0000873827
8216 0.0000876366
8217 0.0000883656
8218 0.0000742381
8219 0.0000901158
8220 0.0000953960
8221 0.0001259330
8222 0.0002959234
8223 0.0010933246
8224 0.0041729590
8225 0.0066042011
8226 0.0024122661
8227 0.0008467453
8228 0.0002569469
8229 0.0001113732
8230 0.0000756080
8231 0.0000668435
8232 0.0000646988
8233 0.0000641744
8234 0.0000640462
8235 0.0000640149
8236 0.0000640073
8237 0.0000640054
8238 0.0000640049
8239 0.0000640048
8240 0.0000640048
8241 0.0000640048
8242 0.0000640048
8243 0.0000640048
8244 0.0000640048
8245 0.0000640048
8246 0.0000640048
8247 0.0000640048
8248 0.0000640048
8249 0.0000640048
8250 0.0000640048
8251 0.0000640048
8252 0.0000640048
8253 0.0000640048
8254 0.0000640048
8255 0.0000640048
8256 0.0000640048
8257 0.0000640048
8258 0.0000640048
8259 0.0000640048
8260 0.0000640048
8261 0.0000640048
8262 0.0000640048
8263 0.0000640048
8264 0.0000640048
8265 0.0000640048
8266 0.0000640048
8267 0.0000640048
8268 0.0000640048
8269 0.0000640048
8270 0.0000640048
8271 0.0000640048
8272 0.0000640048
8273 0.0000640048
8274 0.0000640048
8275 0.0000640048
8276 0.0000640048
8277 0.0000640048
8278 0.0000640048
8279 0.0000640048
8280 0.0000640048
8281 0.0000640050
8282 0.0000640055
8283 0.0000640078
8284 0.0000640171
8285 0.0000640553
8286 0.0000642134
8287 0.0000648717
8288 0.0000507346
8289 0.0000507340
8290 0.0000648715
8291 0.0000642134
8292 0.0000640553
8293 0.0000640171
8294 0.0000640078
8295 0.0000640055
8296 0.0000640050
8297 0.0000640048
8298 0.0000640048
8299 0.0000640048
8300 0.0000640048
8301 0.0000640048
8302 0.0000640048
8303 0.0000640048
8304 0.0000640048
8305 0.0000640048
8306 0.0000640048
8307 0.0000640048
8308 0.0000640048
8309 0.0000640048
8310 0.0000640048
8311 0.0000640048
8312 0.0000640048
8313 0.0000640048
8314 0.0000640048
8315 0.0000640048
8316 0.0000640048
8317 0.0000640048
8318 0.0000640048
8319 0.0000640048
8320 0.0000640048
8321 0.0000640048
8322 0.0000640048
8323 0.0000640048
8324 0.0000640048
8325 0.0000640048
8326 0.0000640048
8327 0.0000640048
8328 0.0000640048
8329 0.0000640048
8330 0.0000640048
8331 0.0000640048
8332 0.0000640048
8333 0.0000640048
8334 0.0000640048
8335 0.0000640048
8336 0.0000640048
8337 0.0000640048
8338 0.0000640048
8339 0.0000640048
8340 0.0000640048
8341 0.0000640048
8342 0.0000640048
8343 0.0000640048
8344 0.0000640048
8345 0.0000640048
8346 0.0000640048
8347 0.0000640048
8348 0.0000640048
8349 0.0000640048
8350 0.0000640048
8351 0.0000640048
8352 0.0000640048
8353 0.0000640048
8354 0.0000640048
8355 0.0000640048
8356 0.0000640048
8357 0.0000640048
8358 0.0000640048
8359 0.0000640048
8360 0.0000640048
8361 0.0000640048
8362 0.0000640048
8363 0.0000640048
8364 0.0000640048
8365 0.0000640048
8366 0.0000640048
8367 0.0000640048
8368 0.0000640048
8369 0.0000640048
8370 0.0000640048
8371 0.0000640048
8372 0.0000640048
8373 0.0000640048
8374 0.0000640048
8375 0.0000640048
8376 0.0000640050
8377 0.0000640055
8378 0.0000640078
8379 0.0000640171
8380 0.0000640556
8381 0.0000642144
8382 0.0000648751
8383 0.0000507421
8384 0.0000530397
8385 0.0000745234
8386 0.0001013822
8387 0.0002036161
8388 0.0005445338
8389 0.0010269288
8390 0.0008183643
8391 0.0000725322
8392 0.0011187261
8393 0.0004092970
8394 0.0001425406
8395 0.0000697401
8396 0.0000532446
8397 0.0000494190
8398 0.0000485207
8399 0.0000483085
8400 0.0000482582
8401 0.0000482462
8402 0.0000482434
8403 0.0000482427
8404 0.0000482426
8405 0.0000482425
8406 0.0000482425
8407 0.0000482425
8408 0.0000482425
8409 0.0000482425
8410 0.0000482425
8411 0.0000482425
8412 0.0000482425
8413 0.0000482425
8414 0.0000482425
8415 0.0000482425
8416 0.0000482425
8417 0.0000482425
8418 0.0000482425
8419 0.0000482425
8420 0.0000482425
8421 0.0000482425
8422 0.0000482425
8423 0.0000482425
8424 0.0000482425
8425 0.0000482425
8426 0.0000482425
8427 0.0000482425
8428 0.0000482425
8429 0.0000482425
8430 0.0000482425
8431 0.0000482425
8432 0.0000482425
8433 0.0000482425
8434 0.0000482425
8435 0.0000482425
8436 0.0000482425
8437 0.0000482425
8438 0.0000482425
8439 0.0000482425
8440 0.0000482425
8441 0.0000482425
8442 0.0000482425
8443 0.0000482425
8444 0.0000482425
8445 0.0000482425
8446 0.0000482425
8447 0.0000482425
8448 0.0000482425
8449 0.0000482426
8450 0.0000482429
8451 0.0000482442
8452 0.0000482497
8453 0.0000482744
8454 0.0000483898
8455 0.0000489714
8456 0.0000522270
8457 0.0000727032
8458 0.0001848663
8459 0.0007426627
8460 0.0017282040
8461 0.0006228486
8462 0.0002388593
8463 0.0000971091
8464 0.0000632700
8465 0.0000552065
8466 0.0000532868
8467 0.0000528300
8468 0.0000527213
8469 0.0000526955
8470 0.0000526893
8471 0.0000526879
8472 0.0000526875
8473 0.0000526874
8474 0.0000526874
8475 0.0000526874
8476 0.0000526874
8477 0.0000526874
8478 0.0000526874
8479 0.0000526874
8480 0.0000526874
8481 0.0000526874
8482 0.0000526874
8483 0.0000526874
8484 0.0000526874
8485 0.0000526874
8486 0.0000526874
8487 0.0000526874
8488 0.0000526874
8489 0.0000526874
8490 0.0000526874
8491 0.0000526874
8492 0.0000526874
8493 0.0000526874
8494 0.0000526874
8495 0.0000526874
8496 0.0000526874
8497 0.0000526874
8498 0.0000526874
8499 0.0000526874
8500 0.0000526874
8501 0.0000526874
8502 0.0000526874
8503 0.0000526874
8504 0.0000526874
8505 0.0000526874
8506 0.0000526874
8507 0.0000526874
8508 0.0000526874
8509 0.0000526874
8510 0.0000526874
8511 0.0000526874
8512 0.0000526874
8513 0.0000526874
8514 0.0000526874
8515 0.0000526874
8516 0.0000526875
8517 0.0000526876
8518 0.0000526883
8519 0.0000526909
8520 0.0000527022
8521 0.0000527493
8522 0.0000529457
8523 0.0000537566
8524 0.0000570444
8525 0.0000698448
8526 0.0001150946
8527 0.0001751510
8528 0.0006790040
8529 0.0006790066
8530 0.0000897846
8531 0.0006790095
8532 0.0006790107
8533 0.0016510175
8534 0.0016312545
8535 0.0000434316
8536 0.0000434316
8537 0.0000434316
8538 0.0000434316
8539 0.0000443479
8540 0.0000443479
8541 0.0000443479
8542 0.0000443479
8543 0.0000434316
8544 0.0000434316
8545 0.0000434316
8546 0.0000434316
8547 0.0000434316
8548 0.0000557469
8549 0.0000402324
8550 0.0000859238
8551 0.0000443479
8552 0.0000442018
8553 0.0000443480
8554 0.0000338608
8555 0.0000443480
8556 0.0000443480
8557 0.0000562416
8558 0.0000559278
8559 0.0000559278
8560 0.0000443480
8561 0.0001698834
8562 0.0000253535
8563 0.0000443480
8564 0.0000602835
8565 0.0000626072
8566 0.0000434316
8567 0.0000434316
8568 0.0000434316
8569 0.0000434316
8570 0.0000443480
8571 0.0000443480
8572 0.0000939811
8573 0.0000443480
8574 0.0000434316
8575 0.0000443480
8576 0.0000434316
8577 0.0000434316
8578 0.0000434316
8579 0.0000434316
8580 0.0000434316
8581 0.0000253535
8582 0.0000253535
8583 0.0000253535
8584 0.0000443480
8585 0.0000370026
8586 0.0000755345
8587 0.0000443480
8588 0.0000338608
8589 0.0000569136
8590 0.0000253535
8591 0.0000253535
8592 0.0000681179
8593 0.0000665827
8594 0.0000443480
8595 0.0000443480
8596 0.0000434316
8597 0.0000434316
8598 0.0000434316
8599 0.0000634672
8600 0.0000443480
8601 0.0000443480
8602 0.0000443480
8603 0.0000443480
8604 0.0000434316
8605 0.0000434316
8606 0.0000434316
8607 0.0000526610
8608 0.0000434316
8609 0.0000434316
8610 0.0000634672
8611 0.0000434316
8612 0.0006790210
8613 0.0000253535
8614 0.0006790238
8615 0.0001690465
8616 0.0000506722
8617 0.0000981188
8618 0.0005861595
8619 0.0002411916
8620 0.0002294550
8621 0.0000909881
8622 0.0003914841
8623 0.0001663985
8624 0.0001167716
8625 0.0000909910
8626 0.0000461074
8627 0.0001529703
8628 0.0000843203
8629 0.0000591725
8630 0.0000461084
8631 0.0004536558
8632 0.0000321912
8633 0.0000344332
8634 0.0000345002
8635 0.0000344333
8636 0.0000341870
8637 0.0000358968
8638 0.0000346175
8639 0.0000344335
8640 0.0000344336
8641 0.0000713710
8642 0.0000513258
8643 0.0000514258
8644 0.0000513260
8645 0.0000909549
8646 0.0000535076
8647 0.0000924267
8648 0.0000919353
8649 0.0000919355
8650 0.0000293785
8651 0.0000810078
8652 0.0003437715
8653 0.0001045613
8654 0.0001045627
8655 0.0001046447
8656 0.0000348728
8657 0.0000251264
8658 0.0000251264
8659 0.0000251264
8660 0.0000251264
8661 0.0000251264
8662 0.0000251264
8663 0.0000251264
8664 0.0000251264
8665 0.0000251264
8666 0.0000251264
8667 0.0000251264
8668 0.0000251264
8669 0.0000251264
8670 0.0000251264
8671 0.0000251264
8672 0.0000251264
8673 0.0000251264
8674 0.0000251264
8675 0.0000251264
8676 0.0000251264
8677 0.0000251264
8678 0.0000251264
8679 0.0000251264
8680 0.0000251264
8681 0.0000251264
8682 0.0000251264
8683 0.0000251264
8684 0.0000251264
8685 0.0000251264
8686 0.0000251264
8687 0.0000251264
8688 0.0000251264
8689 0.0000251264
8690 0.0000251264
8691 0.0000251264
8692 0.0000251264
8693 0.0000251264
8694 0.0000251264
8695 0.0000251264
8696 0.0000251264
8697 0.0000251264
8698 0.0000251264
8699 0.0000251264
8700 0.0000697952
8701 0.0003437731
8702 0.0000638553
8703 0.0000714363
8704 0.0000321038
8705 0.0003437739
8706 0.0000701644
8707 0.0000701644
8708 0.0000638553
8709 0.0000701644
8710 0.0000715220
8711 0.0000638553
8712 0.0000638553
8713 0.0000701644
8714 0.0000321038
8715 0.0000638553
8716 0.0000638553
8717 0.0000638553
8718 0.0000638553
8719 0.0000293787
8720 0.0000701644
8721 0.0000638553
8722 0.0000638553
8723 0.0000638553
8724 0.0003437748
8725 0.0000406707
8726 0.0000406707
8727 0.0000406707
8728 0.0017622610
8729 0.0003437773
8730 0.0003437773
8731 0.0000244371
8732 0.0000469144
8733 0.0003437783
8734 0.0003437793
8735 0.0000751436
8736 0.0001229755
8737 0.0000318430
8738 0.0005520614
8739 0.0005792865
8740 0.0000886089
8741 0.0000472169
8742 0.0000724129
8743 0.0000273681
8744 0.0000273681
8745 0.0000273681
8746 0.0000273681
8747 0.0000273681
8748 0.0000273681
8749 0.0000273681
8750 0.0000273681
8751 0.0000273681
8752 0.0000273681
8753 0.0000477005
8754 0.0000886089
8755 0.0001155179
8756 0.0000293467
8757 0.0000293467
8758 0.0000293467
8759 0.0000293467
8760 0.0000293467
8761 0.0000293467
8762 0.0000293467
8763 0.0000293467
8764 0.0000293467
8765 0.0000293467
8766 0.0000293467
8767 0.0000293467
8768 0.0000293467
8769 0.0000293467
8770 0.0000293467
8771 0.0000293467
8772 0.0000293467
8773 0.0000293467
8774 0.0000293467
8775 0.0000886089
8776 0.0000997565
8777 0.0001001683
8778 0.0009722823
8779 0.0009150695
8780 0.0000633285
8781 0.0000633285
8782 0.0000633285
8783 0.0000633285
8784 0.0000633285
8785 0.0000633285
8786 0.0000633285
8787 0.0000633285
8788 0.0000633285
8789 0.0000633285
8790 0.0000633285
8791 0.0001101384
8792 0.0000633285
8793 0.0001101384
8794 0.0001101384
8795 0.0000633285
8796 0.0000633285
8797 0.0000633285
8798 0.0000633285
8799 0.0000886094
8800 0.0002927938
8801 0.0001236422
8802 0.0000886094
8803 0.0000273681
8804 0.0000273681
8805 0.0000273681
8806 0.0000273681
8807 0.0000273681
8808 0.0000273681
8809 0.0000273681
8810 0.0000273681
8811 0.0000273681
8812 0.0000273681
8813 0.0000477005
8814 0.0000335310
8815 0.0000335310
8816 0.0000569639
8817 0.0000335310
8818 0.0000529391
8819 0.0000942873
8820 0.0000439356
8821 0.0000775446
8822 0.0001033272
8823 0.0000531711
8824 0.0000310062
8825 0.0000386429
8826 0.0000448058
8827 0.0000649391
8828 0.0001160667
8829 0.0000398624
8830 0.0000375659
8831 0.0000373660
8832 0.0000307894
8833 0.0001689908
8834 0.0000335310
8835 0.0000864815
8836 0.0000848801
8837 0.0000336952
8838 0.0000336952
8839 0.0000819844
8840 0.0000336955
8841 0.0000487217
8842 0.0000336956
8843 0.0000509012
8844 0.0000677041
8845 0.0000416426
8846 0.0000405091
8847 0.0000588706
8848 0.0000549563
8849 0.0000998439
8850 0.0000318430
8851 0.0000805241
8852 0.0000944494
8853 0.0000861899
8854 0.0001363273
8855 0.0000630641
8856 0.0000664336
8857 0.0000867898
8858 0.0000613236
8859 0.0000483713
8860 0.0000381426
8861 0.0000381426
8862 0.0000346658
8863 0.0000539037
8864 0.0001832502
8865 0.0001832527
8866 0.0001904335
8867 0.0001825124
8868 0.0002468898
8869 0.0003029473
8870 0.0001427142
8871 0.0002536484
8872 0.0000346660
8873 0.0000391705
8874 0.0000391705
8875 0.0000496030
8876 0.0000666007
8877 0.0000637049
8878 0.0001547660
8879 0.0000664074
8880 0.0000664074
8881 0.0000664074
8882 0.0002896276
8883 0.0000664086
8884 0.0000528743
8885 0.0000528743
8886 0.0000528743
8887 0.0001338250
8888 0.0000664086
8889 0.0000664086
8890 0.0000335310
8891 0.0002521274
8892 0.0000512262
8893 0.0000331457
8894 0.0000331457
8895 0.0000707226
8896 0.0000331457
8897 0.0000331457
8898 0.0000512262
8899 0.0000512262
8900 0.0000512262
8901 0.0003415556
8902 0.0000512262
8903 0.0000373995
8904 0.0000562274
8905 0.0000335310
8906 0.0000529391
8907 0.0000496030
8908 0.0000666007
8909 0.0000493824
8910 0.0000664131
8911 0.0000402088
8912 0.0000586154
8913 0.0000410452
8914 0.0002695436
8915 0.0001738851
8916 0.0002116834
8917 0.0002289635
8918 0.0002116257
8919 0.0001143802
8920 0.0000410452
8921 0.0000593263
8922 0.0000328418
8923 0.0000328418
8924 0.0000328418
8925 0.0000328418
8926 0.0000328418
8927 0.0000328418
8928 0.0000410452
8929 0.0000302519
8930 0.0003343918
8931 0.0000302519
8932 0.0000302519
8933 0.0000302519
8934 0.0000302519
8935 0.0014068854
8936 0.0013841039
8937 0.0000765564
8938 0.0000765564
8939 0.0004292267
8940 0.0001673600
8941 0.0001666965
8942 0.0001068272
8943 0.0001068272
8944 0.0004388730
8945 0.0005307428
8946 0.0002241739
8947 0.0001091932
8948 0.0000771788
8949 0.0000700678
8950 0.0000684365
8951 0.0000680557
8952 0.0000679660
8953 0.0000679447
8954 0.0000679397
8955 0.0000679385
8956 0.0000679382
8957 0.0000679381
8958 0.0000679382
8959 0.0000679383
8960 0.0000679389
8961 0.0000679418
8962 0.0000679543
8963 0.0000680131
8964 0.0000683111
8965 0.0000699911
8966 0.0000806323
8967 0.0001331585
8968 0.0003842514
8969 0.0007134318
8970 0.0002870436
8971 0.0001350797
8972 0.0000755409
8973 0.0000613035
8974 0.0000579081
8975 0.0000570994
8976 0.0000569069
8977 0.0000568611
8978 0.0000568502
8979 0.0000568477
8980 0.0000568470
8981 0.0000568469
8982 0.0000568470
8983 0.0000568473
8984 0.0000568486
8985 0.0000568543
8986 0.0000568781
8987 0.0000569772
8988 0.0000573862
8989 0.0000590414
8990 0.0000654617
8991 0.0000879392
8992 0.0001084489
8993 0.0000318430
8994 0.0003275482
8995 0.0000801216
8996 0.0000971479
8997 0.0000971479
8998 0.0003838856
8999 0.0003938606
9000 0.0001849630
9001 0.0001038466
9002 0.0000805938
9003 0.0000754657
9004 0.0000742940
9005 0.0000740212
9006 0.0000739574
9007 0.0000739443
9008 0.0000739502
9009 0.0000739938
9010 0.0000742199
9011 0.0000755018
9012 0.0000836598
9013 0.0001209927
9014 0.0002937351
9015 0.0005051437
9016 0.0002179932
9017 0.0001140019
9018 0.0000714757
9019 0.0000613001
9020 0.0000588726
9021 0.0000582946
9022 0.0000581580
9023 0.0000581295
9024 0.0000581396
9025 0.0000582122
9026 0.0000585189
9027 0.0000597604
9028 0.0000645634
9029 0.0000812629
9030 0.0000916420
9031 0.0001963777
9032 0.0001963777
9033 0.0000686575
9034 0.0002468009
9035 0.0000662454
9036 0.0001036452
9037 0.0000801300
9038 0.0000360797
9039 0.0000397713
9040 0.0000346596
9041 0.0000679389
9042 0.0000620261
9043 0.0000684873
9044 0.0000360802
9045 0.0000955806
9046 0.0000360802
9047 0.0000346600
9048 0.0014106304
9049 0.0016433186
9050 0.0006470388
9051 0.0002409381
9052 0.0001238604
9053 0.0000971458
9054 0.0000908788
9055 0.0000893835
9056 0.0000890231
9057 0.0000889357
9058 0.0000889145
9059 0.0000889093
9060 0.0000889080
9061 0.0000889077
9062 0.0000889077
9063 0.0000889076
9064 0.0000889076
9065 0.0000889076
9066 0.0000889076
9067 0.0000889076
9068 0.0000889076
9069 0.0000889076
9070 0.0000889076
9071 0.0000889076
9072 0.0000889076
9073 0.0000889076
9074 0.0000889076
9075 0.0000889076
9076 0.0000889076
9077 0.0000889076
9078 0.0000889076
9079 0.0000889076
9080 0.0000889076
9081 0.0000889076
9082 0.0000889076
9083 0.0000889076
9084 0.0000889077
9085 0.0000889077
9086 0.0000889080
9087 0.0000889091
9088 0.0000889138
9089 0.0000889336
9090 0.0000890193
9091 0.0000894047
9092 0.0000912348
9093 0.0001005651
9094 0.0001521600
9095 0.0003841999
9096 0.0012633223
9097 0.0019634231
9098 0.0007541141
9099 0.0002981749
9100 0.0001220410
9101 0.0000785565
9102 0.0000678715
9103 0.0000652528
9104 0.0000646120
9105 0.0000644553
9106 0.0000644170
9107 0.0000644077
9108 0.0000644054
9109 0.0000644048
9110 0.0000644047
9111 0.0000644047
9112 0.0000644047
9113 0.0000644046
9114 0.0000644046
9115 0.0000644046
9116 0.0000644046
9117 0.0000644046
9118 0.0000644046
9119 0.0000644046
9120 0.0000644046
9121 0.0000644046
9122 0.0000644046
9123 0.0000644046
9124 0.0000644046
9125 0.0000644046
9126 0.0000644046
9127 0.0000644046
9128 0.0000644046
9129 0.0000644046
9130 0.0000644047
9131 0.0000644047
9132 0.0000644047
9133 0.0000644048
9134 0.0000644053
9135 0.0000644073
9136 0.0000644153
9137 0.0000644481
9138 0.0000645813
9139 0.0000651179
9140 0.0000672531
9141 0.0000755446
9142 0.0001062085
9143 0.0002078218
9144 0.0003370628
9145 0.0001689369
9146 0.0001868138
9147 0.0000641360
9148 0.0000487735
9149 0.0000641360
9150 0.0000335310
9151 0.0002212523
9152 0.0000530285
9153 0.0000755662
9154 0.0000530285
9155 0.0000695124
9156 0.0000530285
9157 0.0000884413
9158 0.0000433659
9159 0.0000433659
9160 0.0000433659
9161 0.0000674426
9162 0.0000433663
9163 0.0001112076
9164 0.0000530289
9165 0.0000530289
9166 0.0000530289
9167 0.0000530289
9168 0.0000530289
9169 0.0002560213
9170 0.0001118031
9171 0.0003207648
9172 0.0001841720
9173 0.0002554161
9174 0.0002306007
9175 0.0001638575
9176 0.0001455723
9177 0.0000985209
9178 0.0000348733
9179 0.0000487586
9180 0.0000396188
9181 0.0000391419
9182 0.0001156992
9183 0.0000408282
9184 0.0000576014
9185 0.0000582224
9186 0.0001107774
9187 0.0000740453
9188 0.0000664402
9189 0.0000574217
9190 0.0000878252
9191 0.0001384015
9192 0.0001873604
9193 0.0000687061
9194 0.0003242223
9195 0.0001260794
9196 0.0001686650
9197 0.0001179598
9198 0.0001532600
9199 0.0000787892
9200 0.0001012765
9201 0.0001432901
9202 0.0000405091
9203 0.0000588706
9204 0.0000901769
9205 0.0001870371
9206 0.0000626590
9207 0.0000425422
9208 0.0003134742
9209 0.0003134759
9210 0.0000625029
9211 0.0003134776
9212 0.0003134795
9213 0.0000852153
9214 0.0000814061
9215 0.0000814065
9216 0.0003134821
9217 0.0003134840
9218 0.0000288615
9219 0.0000416426
9220 0.0000288617
9221 0.0000288617
9222 0.0000245429
9223 0.0000245429
9224 0.0000245429
9225 0.0000273051
9226 0.0000245429
9227 0.0000245429
9228 0.0000245429
9229 0.0000245429
9230 0.0000245429
9231 0.0000245429
9232 0.0000245429
9233 0.0000245429
9234 0.0000245429
9235 0.0000273051
9236 0.0000245429
9237 0.0000273051
9238 0.0000245429
9239 0.0000273051
9240 0.0000245429
9241 0.0000245429
9242 0.0000245429
9243 0.0000245429
9244 0.0000245429
9245 0.0000245429
9246 0.0000245429
9247 0.0000245429
9248 0.0000245429
9249 0.0000245429
9250 0.0000245429
9251 0.0000245429
9252 0.0000245429
9253 0.0000245429
9254 0.0000245429
9255 0.0000245429
9256 0.0000245429
9257 0.0000245429
9258 0.0000245429
9259 0.0000245429
9260 0.0000245429
9261 0.0000245429
9262 0.0000245429
9263 0.0000245429
9264 0.0000245429
9265 0.0000245429
9266 0.0000245429
9267 0.0000245429
9268 0.0000245429
9269 0.0000245429
9270 0.0000273051
9271 0.0000245429
9272 0.0000245429
9273 0.0000245429
9274 0.0000245429
9275 0.0000245429
9276 0.0000245429
9277 0.0000245429
9278 0.0000245429
9279 0.0000273051
9280 0.0000245429
9281 0.0000245429
9282 0.0000245429
9283 0.0000245429
9284 0.0000245429
9285 0.0000245429
9286 0.0000273051
9287 0.0000245429
9288 0.0000245429
9289 0.0000245429
9290 0.0000245429
9291 0.0000245429
9292 0.0000273051
9293 0.0000245429
9294 0.0000245429
9295 0.0000245429
9296 0.0000245429
9297 0.0000245429
9298 0.0000245429
9299 0.0000245429
9300 0.0000245429
9301 0.0000245429
9302 0.0000273051
9303 0.0000245429
9304 0.0000245429
9305 0.0000245429
9306 0.0000245429
9307 0.0000245429
9308 0.0000273051
9309 0.0000245429
9310 0.0000245429
9311 0.0000245429
9312 0.0000245429
9313 0.0000245429
9314 0.0000245429
9315 0.0000245429
9316 0.0000273051
9317 0.0000245429
9318 0.0000245429
9319 0.0000245429
9320 0.0000245429
9321 0.0000245429
9322 0.0000245429
9323 0.0000273051
9324 0.0000245429
9325 0.0000245429
9326 0.0000245429
9327 0.0000245429
9328 0.0000245429
9329 0.0000245429
9330 0.0000245429
9331 0.0000245429
9332 0.0000273051
9333 0.0000245429
9334 0.0000245429
9335 0.0000245429
9336 0.0000245429
9337 0.0000245429
9338 0.0000245429
9339 0.0000245429
9340 0.0000245429
9341 0.0000245429
9342 0.0000245429
9343 0.0000245429
9344 0.0000245429
9345 0.0000245429
9346 0.0000245429
9347 0.0000245429
9348 0.0000245429
9349 0.0000245429
9350 0.0000245429
9351 0.0000245429
9352 0.0000245429
9353 0.0000245429
9354 0.0000245429
9355 0.0000245429
9356 0.0000245429
9357 0.0000273051
9358 0.0000245429
9359 0.0000245429
9360 0.0000245429
9361 0.0000245429
9362 0.0000245429
9363 0.0000245429
9364 0.0000245429
9365 0.0000245429
9366 0.0000245429
9367 0.0000245429
9368 0.0000245429
9369 0.0000245429
9370 0.0000245429
9371 0.0000245429
9372 0.0000245429
9373 0.0000273051
9374 0.0000245429
9375 0.0000245429
9376 0.0000245429
9377 0.0000245429
9378 0.0000245429
9379 0.0000245429
9380 0.0000245429
9381 0.0000245429
9382 0.0000245429
9383 0.0000245429
9384 0.0000245429
9385 0.0000245429
9386 0.0000245429
9387 0.0000245429
9388 0.0000245429
9389 0.0000245429
9390 0.0000245429
9391 0.0000273051
9392 0.0000245429
9393 0.0000245429
9394 0.0000245429
9395 0.0000245429
9396 0.0000273051
9397 0.0000245429
9398 0.0000273051
9399 0.0000245429
9400 0.0000245429
9401 0.0000245429
9402 0.0000245429
9403 0.0000245429
9404 0.0000245429
9405 0.0000245429
9406 0.0000245429
9407 0.0000245429
9408 0.0000245429
9409 0.0000245429
9410 0.0000245429
9411 0.0000245429
9412 0.0000245429
9413 0.0000245429
9414 0.0000245429
9415 0.0000245429
9416 0.0000245429
9417 0.0000245429
9418 0.0000273051
9419 0.0000245429
9420 0.0000245429
9421 0.0000245429
9422 0.0000245429
9423 0.0000245429
9424 0.0000245429
9425 0.0000273051
9426 0.0000245429
9427 0.0000245429
9428 0.0000245429
9429 0.0000245429
9430 0.0000245429
9431 0.0000245429
9432 0.0000245429
9433 0.0000245429
9434 0.0000245429
9435 0.0000245429
9436 0.0000273051
9437 0.0000245429
9438 0.0000245429
9439 0.0000245429
9440 0.0000273051
9441 0.0000245429
9442 0.0000245429
9443 0.0000245429
9444 0.0000245429
9445 0.0000245429
9446 0.0000245429
9447 0.0000245429
9448 0.0000245429
9449 0.0000273051
9450 0.0000245429
9451 0.0000273051
9452 0.0000245429
9453 0.0000245429
9454 0.0000245429
9455 0.0000245429
9456 0.0000245429
9457 0.0000245429
9458 0.0000245429
9459 0.0000245429
9460 0.0000245429
9461 0.0000245429
9462 0.0000245429
9463 0.0000281189
9464 0.0000281189
9465 0.0000281189
9466 0.0000245429
9467 0.0000272687
9468 0.0000288617
9469 0.0000359811
9470 0.0000359811
9471 0.0000359811
9472 0.0000359811
9473 0.0000271630
9474 0.0000271630
9475 0.0000246105
9476 0.0000246105
9477 0.0000246105
9478 0.0000246105
9479 0.0000246105
9480 0.0000246105
9481 0.0000246105
9482 0.0000246105
9483 0.0000246105
9484 0.0000246105
9485 0.0000246105
9486 0.0000246105
9487 0.0000246105
9488 0.0000246105
9489 0.0000246105
9490 0.0000246105
9491 0.0000246105
9492 0.0000246105
9493 0.0000246105
9494 0.0000246105
9495 0.0000246105
9496 0.0000246105
9497 0.0000246105
9498 0.0000246105
9499 0.0000246105
9500 0.0000246105
9501 0.0000246105
9502 0.0000246105
9503 0.0000246105
9504 0.0000246105
9505 0.0000246105
9506 0.0000246105
9507 0.0000246105
9508 0.0000246105
9509 0.0000246105
9510 0.0000246105
9511 0.0000246105
9512 0.0000246105
9513 0.0000246105
9514 0.0000246105
9515 0.0000246105
9516 0.0000246105
9517 0.0000246105
9518 0.0000246105
9519 0.0000246105
9520 0.0000246105
9521 0.0000246105
9522 0.0000246105
9523 0.0000246105
9524 0.0000246105
9525 0.0000246105
9526 0.0000246105
9527 0.0000246105
9528 0.0000246105
9529 0.0000246105
9530 0.0000246105
9531 0.0000246105
9532 0.0000246105
9533 0.0000246105
9534 0.0000246105
9535 0.0000246105
9536 0.0000246105
9537 0.0000246105
9538 0.0000246105
9539 0.0000246105
9540 0.0000246105
9541 0.0000246105
9542 0.0000246105
9543 0.0000246105
9544 0.0000246105
9545 0.0000246105
9546 0.0000246105
9547 0.0000246105
9548 0.0000246105
9549 0.0000246105
9550 0.0000246105
9551 0.0000246105
9552 0.0000246105
9553 0.0000246105
9554 0.0000246105
9555 0.0000246105
9556 0.0000246105
9557 0.0000246105
9558 0.0000246105
9559 0.0000246105
9560 0.0000246105
9561 0.0000246105
9562 0.0000246105
9563 0.0000246105
9564 0.0000706131
9565 0.0000246105
9566 0.0000246105
9567 0.0000246105
9568 0.0000246105
9569 0.0000246105
9570 0.0000246105
9571 0.0000246105
9572 0.0000246105
9573 0.0000246105
9574 0.0000246105
9575 0.0000246105
9576 0.0000246105
9577 0.0000246105
9578 0.0000246105
9579 0.0000246105
9580 0.0000246105
9581 0.0000246105
9582 0.0000246105
9583 0.0000246105
9584 0.0000246105
9585 0.0000246105
9586 0.0000246105
9587 0.0000246105
9588 0.0000246105
9589 0.0000246105
9590 0.0000246105
9591 0.0000246105
9592 0.0000246105
9593 0.0000246105
9594 0.0000246105
9595 0.0000246105
9596 0.0000246105
9597 0.0000246105
9598 0.0000246105
9599 0.0000246105
9600 0.0000246105
9601 0.0000246105
9602 0.0000246105
9603 0.0000246105
9604 0.0000246105
9605 0.0000246105
9606 0.0000246105
9607 0.0000246105
9608 0.0000246105
9609 0.0000271630
9610 0.0000271630
9611 0.0000273364
9612 0.0000326147
9613 0.0000326147
9614 0.0000288617
9615 0.0000288617
9616 0.0000326147
9617 0.0000288617
9618 0.0000305703
9619 0.0000305703
9620 0.0000305703
9621 0.0000305703
9622 0.0000288617
9623 0.0000305703
9624 0.0000305703
9625 0.0000305703
9626 0.0000305703
9627 0.0000335310
9628 0.0000610011
9629 0.0000350335
9630 0.0000350335
9631 0.0000350335
9632 0.0000374001
9633 0.0000374001
9634 0.0000374001
9635 0.0000562279
9636 0.0001094539
9637 0.0001665532
9638 0.0001650313
9639 0.0001865338
9640 0.0000339106
9641 0.0000532618
9642 0.0000388489
9643 0.0000557277
9644 0.0002590288
9645 0.0000339110
9646 0.0000339110
9647 0.0000462537
9648 0.0002014870
9649 0.0001796703
9650 0.0001158203
9651 0.0001661774
9652 0.0001039160
9653 0.0000686024
9654 0.0000405091
9655 0.0001121396
9656 0.0000431105
9657 0.0002196914
9658 0.0002196924
9659 0.0002196933
9660 0.0002196942
9661 0.0002196951
9662 0.0002196960
9663 0.0002196969
9664 0.0002196978
9665 0.0002196988
9666 0.0000343942
9667 0.0001091327
9668 0.0000439362
9669 0.0000439362
9670 0.0000617837
9671 0.0000860132
9672 0.0001220067
9673 0.0001200198
9674 0.0001200204
9675 0.0002542001
9676 0.0001220094
9677 0.0000860167
9678 0.0000514465
9679 0.0000419852
9680 0.0001518869
9681 0.0007706438
9682 0.0007753060
9683 0.0001737985
9684 0.0000853970
9685 0.0000622936
9686 0.0000582453
9687 0.0000575360
9688 0.0000574117
9689 0.0000573899
9690 0.0000573861
9691 0.0000573854
9692 0.0000573853
9693 0.0000573853
9694 0.0000573853
9695 0.0000573853
9696 0.0000573853
9697 0.0000573853
9698 0.0000573853
9699 0.0000573853
9700 0.0000573853
9701 0.0000573856
9702 0.0000573874
9703 0.0000573973
9704 0.0000574539
9705 0.0000577770
9706 0.0000476966
9707 0.0004285040
9708 0.0004268369
9709 0.0005792125
9710 0.0004795426
9711 0.0005637417
9712 0.0001633946
9713 0.0000825102
9714 0.0000611797
9715 0.0000574421
9716 0.0000567872
9717 0.0000566724
9718 0.0000566523
9719 0.0000566488
9720 0.0000566482
9721 0.0000566481
9722 0.0000566481
9723 0.0000566481
9724 0.0000566480
9725 0.0000566480
9726 0.0000566480
9727 0.0000566481
9728 0.0000566481
9729 0.0000566481
9730 0.0000566484
9731 0.0000566501
9732 0.0000566599
9733 0.0000567158
9734 0.0000570347
9735 0.0000470838
9736 0.0003952332
9737 0.0004113808
9738 0.0007450432
9739 0.0001981689
9740 0.0000909670
9741 0.0000635018
9742 0.0000586892
9743 0.0000578459
9744 0.0000576982
9745 0.0000576723
9746 0.0000576677
9747 0.0000576669
9748 0.0000576668
9749 0.0000576668
9750 0.0000576668
9751 0.0000576668
9752 0.0000576668
9753 0.0000576668
9754 0.0000576668
9755 0.0000576668
9756 0.0000576668
9757 0.0000576668
9758 0.0000576668
9759 0.0000576668
9760 0.0000576668
9761 0.0000576671
9762 0.0000576689
9763 0.0000576788
9764 0.0000577357
9765 0.0000580604
9766 0.0000479305
9767 0.0005105213
9768 0.0004968477
9769 0.0003664411
9770 0.0001168152
9771 0.0000750728
9772 0.0000626414
9773 0.0000604634
9774 0.0000600836
9775 0.0000600271
9776 0.0000600745
9777 0.0000604102
9778 0.0000498701
9779 0.0002274855
9780 0.0002140713
9781 0.0000544096
9782 0.0000486808
9783 0.0000923182
9784 0.0000512610
9785 0.0014261866
9786 0.0016718936
9787 0.0006555149
9788 0.0002421427
9789 0.0001231410
9790 0.0000959931
9791 0.0000896252
9792 0.0000881059
9793 0.0000877398
9794 0.0000876510
9795 0.0000876295
9796 0.0000876242
9797 0.0000876229
9798 0.0000876226
9799 0.0000876225
9800 0.0000876225
9801 0.0000876225
9802 0.0000876225
9803 0.0000876225
9804 0.0000876225
9805 0.0000876225
9806 0.0000876225
9807 0.0000876225
9808 0.0000876225
9809 0.0000876225
9810 0.0000876225
9811 0.0000876225
9812 0.0000876225
9813 0.0000876225
9814 0.0000876225
9815 0.0000876225
9816 0.0000876225
9817 0.0000876225
9818 0.0000876225
9819 0.0000876225
9820 0.0000876225
9821 0.0000876225
9822 0.0000876225
9823 0.0000876226
9824 0.0000876229
9825 0.0000876240
9826 0.0000876287
9827 0.0000876487
9828 0.0000877353
9829 0.0000881247
9830 0.0000899735
9831 0.0000993988
9832 0.0001515142
9833 0.0003862386
9834 0.0012761457
9835 0.0019942505
9836 0.0007650089
9837 0.0003015595
9838 0.0001226388
9839 0.0000784646
9840 0.0000676100
9841 0.0000649497
9842 0.0000642987
9843 0.0000641395
9844 0.0000641006
9845 0.0000640911
9846 0.0000640888
9847 0.0000640882
9848 0.0000640881
9849 0.0000640880
9850 0.0000640880
9851 0.0000640880
9852 0.0000640880
9853 0.0000640880
9854 0.0000640880
9855 0.0000640880
9856 0.0000640880
9857 0.0000640880
9858 0.0000640880
9859 0.0000640880
9860 0.0000640880
9861 0.0000640880
9862 0.0000640880
9863 0.0000640880
9864 0.0000640880
9865 0.0000640880
9866 0.0000640880
9867 0.0000640880
9868 0.0000640880
9869 0.0000640880
9870 0.0000640880
9871 0.0000640880
9872 0.0000640882
9873 0.0000640887
9874 0.0000640906
9875 0.0000640988
9876 0.0000641319
9877 0.0000642665
9878 0.0000648087
9879 0.0000669663
9880 0.0000753450
9881 0.0001063335
9882 0.0002090404
9883 0.0003400468
9884 0.0000395869
9885 0.0000580867
9886 0.0000512610
9887 0.0000356474
9888 0.0000356474
9889 0.0000244371
9890 0.0000244371
9891 0.0000244371
9892 0.0000244371
9893 0.0002665688
9894 0.0000964663
9895 0.0002780723
9896 0.0000964675
9897 0.0000964675
9898 0.0003043377
9899 0.0002635415
9900 0.0000616468
9901 0.0003043406
9902 0.0000326370
9903 0.0000616477
9904 0.0000545865
9905 0.0003043426
9906 0.0003043441
9907 0.0000567744
9908 0.0000244371
9909 0.0000244371
9910 0.0000244371
9911 0.0000244371
9912 0.0000244371
9913 0.0001629363
